종목명,종목코드,AI수급점수,매수후보,진입유형,스윙우선순위,기관동행점수,수급품질점수,주도주점수,수급흡수율,수급지속일수,종목체급,전략슬리브,거래대금활력,20일평균거래대금(억),진입코멘트,매도점검,테마,정배열,추세품질점수,MA5,MA10,MA20,순위,날짜
가온전선,000500,10.0,제외,회피,0.0,0.0,0.0,74.0,-13.7714,1,중형,관찰,0.87,21.5,대형 주도주 조건 · 역배열/추세 훼손,매도/제외,전기장비,True,100.0,103260.0,103190.0,103190.0,1,2026-04-08
제주반도체,080220,38.0,신규후보,눌림목,59.93,14.87,48.45,82.82,0.5595,3,중형,수급스윙,1.03,457.1,연기금 10일 순매수 · 거래대금 대비 수급 양호 · 대형 주도주 조건 · 기관 동행 · 20일선 부근 눌림,보유/관찰,반도체;팹리스,True,100.0,39920.0,38970.0,38970.0,1,2026-04-09
엘앤에프,066970,40.0,관찰,주도돌파,58.52,12.7,16.0,84.56,-0.1221,3,대형,주도대형,0.92,2424.7,연기금 10일 순매수 · 대형 주도주 조건 · 기관 동행 · 대형 주도주 돌파,보유/관찰,2차전지;양극재,True,100.0,177840.0,165330.0,165330.0,2,2026-04-09
씨에스윈드,112610,42.0,신규후보,눌림목,57.04,9.18,12.0,80.46,-0.2331,1,중형,수급스윙,1.32,596.9,대형 주도주 조건 · 기관 동행 · 20일선 부근 눌림,수급훼손,풍력;신재생,True,100.0,69640.0,65970.0,65970.0,3,2026-04-09
DL이앤씨,375500,46.0,관찰,과열주의,56.04,24.62,20.0,65.23,-0.0543,3,대형,관찰,1.37,1911.0,연기금 10일 순매수 · 대형 주도주 조건 · 기관 동행 · 이격/RSI 과열,익절/추격주의,건설;플랜트,True,100.0,83460.0,75970.0,75970.0,4,2026-04-09
LG에너지솔루션,373220,28.0,신규후보,주도눌림,55.67,13.34,48.1,97.42,0.5058,3,대형,주도대형,0.94,1918.8,연기금 10일 순매수 · 거래대금 대비 수급 양호 · 대형 주도주 조건 · 기관 동행 · 대형 주도주 눌림,보유/관찰,전기제품,True,100.0,409300.0,405700.0,405700.0,5,2026-04-09
LG화학,051910,25.0,관찰,주도돌파,54.95,17.62,47.88,90.48,0.497,3,대형,주도대형,1.06,1227.8,연기금 10일 순매수 · 거래대금 대비 수급 양호 · 대형 주도주 조건 · 기관 동행 · 대형 주도주 돌파,보유/관찰,화학,True,100.0,328900.0,319300.0,319300.0,6,2026-04-09
기가비스,420770,35.0,관찰,눌림목,53.92,20.52,11.92,51.11,0.0578,3,중형,수급스윙,1.06,150.1,연기금 10일 순매수 · 기관 동행 · 20일선 부근 눌림,보유/관찰,반도체와반도체장비,True,100.0,80900.0,80340.0,80340.0,7,2026-04-09
삼성생명,032830,25.0,관찰,주도눌림,53.64,13.47,54.31,94.95,0.9013,4,대형,주도대형,0.92,683.4,연기금 10일 순매수 · 거래대금 대비 수급 양호 · 대형 주도주 조건 · 기관 동행 · 대형 주도주 눌림,보유/관찰,생명보험,True,100.0,227500.0,223450.0,223450.0,8,2026-04-09
LG이노텍,011070,22.0,관찰,주도눌림,53.31,15.39,48.66,93.56,0.5726,4,대형,주도대형,0.83,964.7,연기금 10일 순매수 · 거래대금 대비 수급 양호 · 대형 주도주 조건 · 기관 동행 · 대형 주도주 눌림,보유/관찰,카메라모듈;IT부품,True,100.0,334900.0,326800.0,326800.0,9,2026-04-09
미래에셋증권,006800,22.0,관찰,주도눌림,52.95,14.86,31.22,94.1,0.2872,2,대형,주도대형,0.9,1709.6,연기금 10일 순매수 · 거래대금 대비 수급 양호 · 대형 주도주 조건 · 기관 동행 · 대형 주도주 눌림,보유/관찰,증권,True,100.0,64640.0,64280.0,64280.0,10,2026-04-09
한화솔루션,009830,37.0,관찰,주도눌림,51.91,4.54,8.0,88.06,-0.3221,1,대형,주도대형,0.92,1792.3,연기금 10일 순매수 · 대형 주도주 조건 · 대형 주도주 눌림,보유/관찰,에너지장비및서비스,True,100.0,38940.0,37725.0,37725.0,11,2026-04-09
에코프로머티,450080,35.0,관찰,주도눌림,51.38,5.61,8.0,86.3,-0.0394,1,대형,주도대형,1.14,1668.7,연기금 10일 순매수 · 대형 주도주 조건 · 대형 주도주 눌림,보유/관찰,2차전지;전구체,True,100.0,72300.0,71730.0,71730.0,12,2026-04-09
POSCO홀딩스,005490,16.0,관찰,주도눌림,50.25,15.22,55.62,97.11,1.4235,4,대형,주도대형,1.0,1295.8,연기금 10일 순매수 · 거래대금 대비 수급 양호 · 대형 주도주 조건 · 기관 동행 · 대형 주도주 눌림,보유/관찰,철강,True,100.0,354300.0,347700.0,347700.0,13,2026-04-09
삼성전자우,005935,15.0,관찰,주도돌파,49.29,18.2,12.0,88.28,-0.7845,2,대형,주도대형,0.94,4659.6,대형 주도주 조건 · 기관 동행 · 대형 주도주 돌파,보유/관찰,반도체와반도체장비,True,100.0,132340.0,126910.0,126910.0,14,2026-04-09
코오롱인더,120110,27.0,관찰,관찰,49.28,23.6,8.0,53.49,-0.5303,1,중형,관찰,0.92,249.5,연기금 10일 순매수 · 기관 동행,보유/관찰,화학소재;산업재,True,100.0,83020.0,80790.0,80790.0,15,2026-04-09
GS건설,006360,39.0,관찰,과열주의,48.46,20.89,16.0,63.03,-0.2136,2,대형,관찰,1.57,1279.8,대형 주도주 조건 · 기관 동행 · 이격/RSI 과열,수급훼손,건설,True,100.0,31400.0,28855.0,28855.0,16,2026-04-09
테크윙,089030,45.0,관찰,관찰,48.17,5.23,13.13,78.91,0.0764,1,중형,관찰,0.97,508.9,연기금 10일 순매수 · 대형 주도주 조건,보유/관찰,반도체장비;테스트,True,100.0,48690.0,48545.0,48545.0,17,2026-04-09
키움증권,039490,16.0,관찰,주도눌림,48.12,13.61,58.79,92.3,1.1106,5,대형,주도대형,0.94,519.8,거래대금 대비 수급 양호 · 대형 주도주 조건 · 기관 동행 · 대형 주도주 눌림,보유/관찰,증권,True,100.0,429700.0,424650.0,424650.0,18,2026-04-09
SK이노베이션,096770,18.0,관찰,주도눌림,48.11,12.41,37.77,91.39,0.2644,4,대형,주도대형,1.14,654.6,연기금 10일 순매수 · 거래대금 대비 수급 양호 · 대형 주도주 조건 · 기관 동행 · 대형 주도주 눌림,보유/관찰,석유와가스,True,100.0,121520.0,117110.0,117110.0,19,2026-04-09
성광벤드,014620,44.0,관찰,눌림목,48.08,7.81,8.0,49.49,-0.3164,2,중형,수급스윙,1.31,157.2,20일선 부근 눌림,수급훼손,조선;플랜트,True,100.0,39210.0,37050.0,37050.0,20,2026-04-09
포스코퓨처엠,003670,16.0,관찰,주도눌림,47.58,12.54,50.52,94.61,1.0453,4,대형,주도대형,0.81,917.9,연기금 10일 순매수 · 거래대금 대비 수급 양호 · 대형 주도주 조건 · 기관 동행 · 대형 주도주 눌림,보유/관찰,화학,True,100.0,213400.0,211850.0,211850.0,21,2026-04-09
호텔신라,008770,33.0,관찰,관찰,47.5,21.64,47.48,56.02,1.3702,5,중형,관찰,0.8,168.4,연기금 10일 순매수 · 거래대금 대비 수급 양호 · 기관 동행,보유/관찰,면세;소비,True,100.0,45950.0,45335.0,45335.0,22,2026-04-09
심텍,222800,27.0,관찰,과열주의,47.17,26.73,59.55,67.46,1.3941,4,중형,관찰,1.37,504.1,연기금 10일 순매수 · 거래대금 대비 수급 양호 · 대형 주도주 조건 · 기관 동행 · 이격/RSI 과열,익절/추격주의,PCB;반도체,True,100.0,59670.0,55535.0,55535.0,23,2026-04-09
ISC,095340,38.0,관찰,관찰,47.03,8.33,16.0,80.69,-0.2998,2,중형,관찰,1.35,906.4,대형 주도주 조건 · 기관 동행,수급훼손,반도체소켓;반도체,True,100.0,248800.0,247450.0,247450.0,24,2026-04-09
엘앤에프,066970,43.0,관찰,주도돌파,61.88,14.6,16.0,84.56,-0.127,3,대형,주도대형,0.93,2330.6,연기금 10일 순매수 · 대형 주도주 조건 · 기관 동행 · 대형 주도주 돌파,보유/관찰,2차전지;양극재,True,100.0,181920.0,168480.0,167281.82,1,2026-04-10
DL이앤씨,375500,48.0,관찰,과열주의,59.13,26.86,20.0,65.39,-0.0538,3,대형,관찰,1.35,1928.9,연기금 10일 순매수 · 대형 주도주 조건 · 기관 동행 · 이격/RSI 과열,익절/추격주의,건설;플랜트,True,100.0,87360.0,78840.0,77654.55,2,2026-04-10
코오롱인더,120110,37.0,관찰,관찰,56.23,24.21,4.0,57.45,-0.5517,1,중형,관찰,0.88,239.8,연기금 10일 순매수 · 기관 동행,보유/관찰,화학소재;산업재,True,100.0,84220.0,81530.0,81390.91,3,2026-04-10
삼성전자우,005935,15.0,관찰,주도돌파,50.6,19.73,12.0,88.28,-0.8029,2,대형,주도대형,1.01,4553.0,대형 주도주 조건 · 기관 동행 · 대형 주도주 돌파,보유/관찰,반도체와반도체장비,True,100.0,135540.0,128330.0,128136.36,4,2026-04-10
GS건설,006360,38.0,관찰,과열주의,50.12,23.5,16.0,63.14,-0.189,2,대형,관찰,1.73,1446.1,대형 주도주 조건 · 기관 동행 · 이격/RSI 과열,수급훼손,건설,True,100.0,33480.0,29985.0,29654.55,5,2026-04-10
심텍,222800,29.0,관찰,과열주의,49.86,28.52,59.55,67.51,1.3567,4,중형,관찰,1.52,518.0,연기금 10일 순매수 · 거래대금 대비 수급 양호 · 대형 주도주 조건 · 기관 동행 · 이격/RSI 과열,익절/추격주의,PCB;반도체,True,100.0,63380.0,56725.0,56677.27,6,2026-04-10
POSCO홀딩스,005490,15.0,관찰,주도눌림,49.66,15.24,55.69,96.93,1.4632,4,대형,주도대형,0.98,1260.7,연기금 10일 순매수 · 거래대금 대비 수급 양호 · 대형 주도주 조건 · 기관 동행 · 대형 주도주 눌림,보유/관찰,철강,True,100.0,358600.0,350300.0,349636.36,7,2026-04-10
씨에스윈드,112610,29.0,신규후보,눌림목,49.33,9.23,4.0,79.16,-0.2451,1,중형,수급스윙,0.87,567.7,대형 주도주 조건 · 기관 동행 · 20일선 부근 눌림,수급훼손,풍력;신재생,True,100.0,67700.0,66670.0,66081.82,8,2026-04-10
CJ제일제당,097950,29.0,신규후보,눌림목,49.14,12.67,8.0,59.71,-0.3908,1,중형,수급스윙,1.21,247.0,연기금 10일 순매수 · 기관 동행 · 20일선 부근 눌림,보유/관찰,식품,True,100.0,234400.0,227200.0,226045.45,9,2026-04-10
실리콘투,257720,40.0,관찰,관찰,48.26,12.11,27.85,61.04,0.1764,3,중형,관찰,1.15,245.5,대형 주도주 조건 · 기관 동행,수급훼손,K뷰티;유통,True,100.0,40720.0,39760.0,39672.73,10,2026-04-10
삼성생명,032830,15.0,관찰,주도눌림,47.89,13.49,54.38,95.12,0.8922,4,대형,주도대형,1.04,690.4,연기금 10일 순매수 · 거래대금 대비 수급 양호 · 대형 주도주 조건 · 기관 동행 · 대형 주도주 눌림,보유/관찰,생명보험,True,100.0,230200.0,224600.0,224454.55,11,2026-04-10
포스코퓨처엠,003670,15.0,관찰,주도눌림,47.07,12.66,50.86,94.45,1.097,4,대형,주도대형,0.76,874.7,연기금 10일 순매수 · 거래대금 대비 수급 양호 · 대형 주도주 조건 · 기관 동행 · 대형 주도주 눌림,보유/관찰,화학,True,100.0,214600.0,212700.0,212363.64,12,2026-04-10
테스,095610,49.0,관찰,과열주의,47.02,16.22,58.24,42.61,0.8417,4,중형,관찰,1.6,277.1,거래대금 대비 수급 양호 · 기관 동행 · 이격/RSI 과열,수급훼손,반도체장비;반도체,True,100.0,70140.0,64260.0,63954.55,13,2026-04-10
LS머트리얼즈,417200,26.0,관찰,눌림목,46.61,8.77,0.0,75.46,-0.4531,0,중형,수급스윙,0.72,473.4,연기금 10일 순매수 · 대형 주도주 조건 · 기관 동행 · 20일선 부근 눌림,보유/관찰,2차전지;소재,True,100.0,19704.0,19600.0,19556.36,14,2026-04-10
SK이노베이션,096770,17.0,관찰,주도눌림,46.41,11.09,38.76,91.42,0.2758,4,대형,주도대형,1.19,627.5,연기금 10일 순매수 · 거래대금 대비 수급 양호 · 대형 주도주 조건 · 기관 동행 · 대형 주도주 눌림,보유/관찰,석유와가스,True,100.0,122360.0,118210.0,117590.91,15,2026-04-10
ISC,095340,65.0,관찰,관찰,45.77,13.84,16.0,72.05,-0.2073,2,대형,관찰,1.69,1311.2,대형 주도주 조건 · 기관 동행 · 정배열 확인 전,수급훼손,반도체소켓;반도체,False,80.0,252900.0,248200.0,248363.64,16,2026-04-10
LG에너지솔루션,373220,11.0,신규후보,주도눌림,44.51,11.82,48.17,97.38,0.5255,3,대형,주도대형,0.99,1846.8,연기금 10일 순매수 · 거래대금 대비 수급 양호 · 대형 주도주 조건 · 기관 동행 · 대형 주도주 눌림,보유/관찰,전기제품,True,100.0,412000.0,407450.0,406272.73,17,2026-04-10
HD한국조선해양,009540,18.0,관찰,주도눌림,43.73,7.54,18.69,89.91,0.1627,2,대형,주도대형,0.74,829.0,연기금 10일 순매수 · 대형 주도주 조건 · 대형 주도주 눌림,보유/관찰,조선,True,100.0,384400.0,371100.0,370727.27,18,2026-04-10
유진테크,084370,15.0,관찰,눌림목,43.67,14.49,59.34,66.6,1.28,5,중형,수급스윙,0.92,210.7,거래대금 대비 수급 양호 · 대형 주도주 조건 · 기관 동행 · 20일선 부근 눌림,보유/관찰,반도체와반도체장비,True,100.0,125100.0,121650.0,121209.09,19,2026-04-10
DL,000210,30.0,관찰,눌림목,43.35,11.37,24.98,51.78,0.254,3,중형,수급스윙,1.15,127.6,연기금 10일 순매수 · 기관 동행 · 20일선 부근 눌림,보유/관찰,화학,True,100.0,65460.0,62930.0,62900.0,20,2026-04-10
기가비스,420770,32.0,관찰,눌림목,43.05,9.8,11.84,50.97,0.0574,3,중형,수급스윙,1.08,151.0,연기금 10일 순매수 · 기관 동행 · 20일선 부근 눌림,보유/관찰,반도체와반도체장비,True,100.0,81360.0,81090.0,80809.09,21,2026-04-10
한화에어로스페이스,012450,18.0,관찰,주도눌림,42.56,5.51,16.0,93.37,-0.2133,3,대형,주도대형,0.98,3364.4,대형 주도주 조건 · 대형 주도주 눌림,수급훼손,우주항공과국방,True,100.0,1485800.0,1418500.0,1410909.09,22,2026-04-10
달바글로벌,483650,32.0,관찰,과열주의,42.36,19.57,31.19,57.28,0.1686,3,중형,관찰,1.56,263.5,연기금 10일 순매수 · 거래대금 대비 수급 양호 · 기관 동행 · 이격/RSI 과열,익절/추격주의,화장품,True,100.0,167180.0,157360.0,157100.0,23,2026-04-10
S-Oil,010950,21.0,관찰,주도눌림,42.33,4.69,4.0,85.39,-0.7963,0,대형,주도대형,1.22,647.5,대형 주도주 조건 · 대형 주도주 눌림,수급훼손,석유와가스,True,100.0,117060.0,113170.0,112854.55,24,2026-04-10
엘앤에프,066970,50.0,관찰,주도눌림,65.72,11.64,16.0,89.56,-0.1317,3,대형,주도대형,0.94,2248.1,연기금 10일 순매수 · 대형 주도주 조건 · 기관 동행 · 대형 주도주 눌림,보유/관찰,2차전지;양극재,True,100.0,184140.0,171060.0,168483.33,1,2026-04-13
DL이앤씨,375500,49.0,관찰,과열주의,61.69,29.18,20.0,65.39,-0.0555,3,대형,관찰,1.34,1870.5,연기금 10일 순매수 · 대형 주도주 조건 · 기관 동행 · 이격/RSI 과열,익절/추격주의,건설;플랜트,True,100.0,90820.0,81370.0,79058.33,2,2026-04-13
제주반도체,080220,38.0,신규후보,눌림목,60.02,15.01,48.79,82.61,0.6014,3,중형,수급스윙,1.09,425.3,연기금 10일 순매수 · 거래대금 대비 수급 양호 · 대형 주도주 조건 · 기관 동행 · 20일선 부근 눌림,보유/관찰,반도체;팹리스,True,100.0,40920.0,39500.0,39350.0,3,2026-04-13
삼성전자우,005935,25.0,관찰,주도눌림,59.98,21.24,12.0,93.28,-0.8301,2,대형,주도대형,1.02,4403.8,대형 주도주 조건 · 기관 동행 · 대형 주도주 눌림,보유/관찰,반도체와반도체장비,True,100.0,137420.0,130070.0,129000.0,4,2026-04-13
CJ제일제당,097950,32.0,신규후보,눌림목,52.74,14.83,8.0,59.87,-0.3953,1,중형,수급스윙,1.15,244.2,연기금 10일 순매수 · 기관 동행 · 20일선 부근 눌림,보유/관찰,식품,True,100.0,235900.0,229500.0,227250.0,5,2026-04-13
POSCO홀딩스,005490,17.0,신규후보,주도눌림,52.08,16.74,55.69,96.85,1.4864,4,대형,주도대형,1.01,1241.0,연기금 10일 순매수 · 거래대금 대비 수급 양호 · 대형 주도주 조건 · 기관 동행 · 대형 주도주 눌림,보유/관찰,철강,True,100.0,360800.0,352000.0,350500.0,6,2026-04-13
대덕전자,353200,30.0,관찰,주도눌림,51.85,9.02,32.76,89.27,0.1896,4,대형,주도대형,1.05,1004.7,거래대금 대비 수급 양호 · 대형 주도주 조건 · 기관 동행 · 대형 주도주 눌림,수급훼손,PCB;반도체,True,100.0,86880.0,84160.0,84141.67,7,2026-04-13
실리콘투,257720,50.0,관찰,과열주의,51.53,15.87,29.34,68.98,0.1413,3,중형,관찰,1.47,306.4,대형 주도주 조건 · 기관 동행 · 이격/RSI 과열,수급훼손,K뷰티;유통,True,100.0,42550.0,40710.0,40275.0,8,2026-04-13
LG이노텍,011070,16.0,관찰,주도돌파,51.5,19.89,52.17,89.43,0.5336,4,대형,주도대형,0.97,1035.3,연기금 10일 순매수 · 거래대금 대비 수급 양호 · 대형 주도주 조건 · 기관 동행 · 대형 주도주 돌파,보유/관찰,카메라모듈;IT부품,True,100.0,351000.0,338100.0,334125.0,9,2026-04-13
티엘비,356860,44.0,관찰,관찰,51.2,13.35,44.48,58.34,0.2483,5,중형,관찰,1.44,273.0,거래대금 대비 수급 양호 · 기관 동행,수급훼손,PCB;반도체,True,100.0,74460.0,70600.0,70491.67,10,2026-04-13
삼성생명,032830,17.0,관찰,주도눌림,50.35,15.0,54.38,95.23,0.8706,4,대형,주도대형,1.17,707.5,연기금 10일 순매수 · 거래대금 대비 수급 양호 · 대형 주도주 조건 · 기관 동행 · 대형 주도주 눌림,보유/관찰,생명보험,True,100.0,232000.0,226150.0,225333.33,11,2026-04-13
GS건설,006360,35.0,관찰,과열주의,49.7,25.06,16.0,63.14,-0.1935,2,대형,관찰,1.87,1412.7,대형 주도주 조건 · 기관 동행 · 이격/RSI 과열,수급훼손,건설,True,100.0,35140.0,31030.0,30208.33,12,2026-04-13
한전기술,052690,25.0,관찰,눌림목,49.5,11.77,4.0,81.2,-1.3615,0,중형,수급스윙,1.12,311.5,대형 주도주 조건 · 기관 동행 · 20일선 부근 눌림,수급훼손,전기유틸리티,True,100.0,166700.0,163240.0,162050.0,13,2026-04-13
LG화학,051910,18.0,관찰,주도눌림,49.37,13.17,48.03,95.24,0.5161,3,대형,주도대형,1.14,1182.2,연기금 10일 순매수 · 거래대금 대비 수급 양호 · 대형 주도주 조건 · 기관 동행 · 대형 주도주 눌림,보유/관찰,화학,True,100.0,343800.0,325400.0,324083.33,14,2026-04-13
SK이노베이션,096770,19.0,관찰,주도눌림,48.97,12.76,39.15,91.27,0.2837,4,대형,주도대형,1.11,610.2,연기금 10일 순매수 · 거래대금 대비 수급 양호 · 대형 주도주 조건 · 기관 동행 · 대형 주도주 눌림,보유/관찰,석유와가스,True,100.0,122020.0,119020.0,117916.67,15,2026-04-13
삼성SDI,006400,24.0,관찰,주도눌림,48.68,8.85,8.0,92.14,-0.0878,2,대형,주도대형,0.88,3909.9,대형 주도주 조건 · 기관 동행 · 대형 주도주 눌림,수급훼손,전기제품,True,100.0,473300.0,454150.0,446625.0,16,2026-04-13
키움증권,039490,16.0,관찰,주도눌림,48.17,13.7,58.86,92.15,1.119,5,대형,주도대형,1.03,515.9,거래대금 대비 수급 양호 · 대형 주도주 조건 · 기관 동행 · 대형 주도주 눌림,보유/관찰,증권,True,100.0,446300.0,431600.0,430166.67,17,2026-04-13
테스,095610,46.0,관찰,과열주의,48.05,19.43,58.03,42.84,0.7887,4,중형,관찰,1.74,295.7,거래대금 대비 수급 양호 · 기관 동행 · 이격/RSI 과열,수급훼손,반도체장비;반도체,True,100.0,74280.0,66870.0,65516.67,18,2026-04-13
SK텔레콤,017670,17.0,관찰,주도돌파,47.29,15.24,16.0,84.21,-0.2422,2,대형,주도대형,1.54,912.8,대형 주도주 조건 · 기관 동행 · 대형 주도주 돌파,수급훼손,무선통신서비스,True,100.0,89980.0,84390.0,83508.33,19,2026-04-13
달바글로벌,483650,39.0,관찰,과열주의,46.17,22.4,30.16,40.71,0.1536,3,중형,관찰,1.76,289.2,연기금 10일 순매수 · 거래대금 대비 수급 양호 · 기관 동행 · 이격/RSI 과열,익절/추격주의,화장품,True,100.0,174560.0,161380.0,159725.0,20,2026-04-13
HD한국조선해양,009540,19.0,관찰,주도눌림,45.66,9.1,18.95,90.05,0.1652,2,대형,주도대형,0.79,816.7,연기금 10일 순매수 · 대형 주도주 조건 · 기관 동행 · 대형 주도주 눌림,보유/관찰,조선,True,100.0,387800.0,375250.0,372208.33,21,2026-04-13
한화에어로스페이스,012450,20.0,관찰,주도눌림,45.03,7.05,16.0,93.37,-0.2101,3,대형,주도대형,1.09,3414.8,대형 주도주 조건 · 대형 주도주 눌림,수급훼손,우주항공과국방,True,100.0,1501800.0,1440700.0,1420833.33,22,2026-04-13
LS머트리얼즈,417200,25.0,관찰,눌림목,44.71,7.23,0.0,75.4,-0.4699,0,중형,수급스윙,0.72,456.5,연기금 10일 순매수 · 대형 주도주 조건 · 20일선 부근 눌림,보유/관찰,2차전지;소재,True,100.0,19864.0,19805.0,19626.67,23,2026-04-13
S-Oil,010950,22.0,관찰,주도눌림,44.56,6.63,4.0,85.39,-0.7849,0,대형,주도대형,1.13,656.9,대형 주도주 조건 · 대형 주도주 눌림,수급훼손,석유와가스,True,100.0,117840.0,114360.0,113616.67,24,2026-04-13
한국콜마,161890,34.0,신규후보,눌림목,67.39,35.0,47.0,62.0,1.2014,4,중형,수급스윙,1.06,199.0,연기금 10일 순매수 · 거래대금 대비 수급 양호 · 대형 주도주 조건 · 기관 동행 · 20일선 부근 눌림,보유/관찰,화장품,True,100.0,79200.0,77720.0,77692.31,1,2026-04-14
DL이앤씨,375500,51.0,관찰,과열주의,65.15,31.88,20.0,65.44,-0.0531,3,대형,관찰,1.47,1954.3,연기금 10일 순매수 · 대형 주도주 조건 · 기관 동행 · 이격/RSI 과열,익절/추격주의,건설;플랜트,True,100.0,95500.0,84590.0,80592.31,2,2026-04-14
제주반도체,080220,47.0,신규후보,눌림목,64.95,14.65,48.38,82.76,0.563,3,중형,수급스윙,1.2,454.3,연기금 10일 순매수 · 거래대금 대비 수급 양호 · 대형 주도주 조건 · 기관 동행 · 20일선 부근 눌림,보유/관찰,반도체;팹리스,True,100.0,41680.0,40160.0,39530.77,3,2026-04-14
엘앤에프,066970,47.0,관찰,주도눌림,62.21,9.65,12.0,89.04,-0.1337,3,대형,주도대형,0.75,2213.6,연기금 10일 순매수 · 대형 주도주 조건 · 기관 동행 · 대형 주도주 눌림,보유/관찰,2차전지;양극재,True,100.0,181820.0,174010.0,168861.54,4,2026-04-14
미래에셋증권,006800,25.0,관찰,주도돌파,56.65,19.76,32.16,89.71,0.2405,2,대형,주도대형,1.3,2041.4,연기금 10일 순매수 · 거래대금 대비 수급 양호 · 대형 주도주 조건 · 기관 동행 · 대형 주도주 돌파,보유/관찰,증권,True,100.0,67920.0,65560.0,65153.85,5,2026-04-14
달바글로벌,483650,42.0,관찰,과열주의,55.26,24.42,29.85,75.87,0.1474,3,중형,관찰,1.72,301.4,연기금 10일 순매수 · 대형 주도주 조건 · 기관 동행 · 이격/RSI 과열,익절/추격주의,화장품,True,100.0,179040.0,165600.0,161607.69,6,2026-04-14
한화투자증권,003530,43.0,관찰,관찰,54.93,23.25,42.59,57.69,0.9897,3,중형,관찰,1.22,164.9,연기금 10일 순매수 · 거래대금 대비 수급 양호 · 기관 동행,보유/관찰,증권,True,100.0,7134.0,6918.0,6899.23,7,2026-04-14
대덕전자,353200,33.0,관찰,주도눌림,54.84,10.47,32.42,89.38,0.1836,4,대형,주도대형,1.14,1037.6,거래대금 대비 수급 양호 · 대형 주도주 조건 · 기관 동행 · 대형 주도주 눌림,수급훼손,PCB;반도체,True,100.0,88080.0,85340.0,84476.92,8,2026-04-14
테스,095610,48.0,관찰,과열주의,54.1,21.79,58.03,60.84,0.7774,4,중형,관찰,1.87,300.0,거래대금 대비 수급 양호 · 대형 주도주 조건 · 기관 동행 · 이격/RSI 과열,수급훼손,반도체장비;반도체,True,100.0,78560.0,69710.0,66923.08,9,2026-04-14
LG이노텍,011070,18.0,관찰,주도돌파,54.06,21.57,52.31,89.29,0.5535,4,대형,주도대형,0.99,998.1,연기금 10일 순매수 · 거래대금 대비 수급 양호 · 대형 주도주 조건 · 기관 동행 · 대형 주도주 돌파,보유/관찰,카메라모듈;IT부품,True,100.0,360000.0,345800.0,336923.08,10,2026-04-14
삼성전자우,005935,15.0,관찰,주도돌파,53.2,22.8,12.0,88.28,-0.8331,2,대형,주도대형,1.02,4387.8,대형 주도주 조건 · 기관 동행 · 대형 주도주 돌파,보유/관찰,반도체와반도체장비,True,100.0,139520.0,132810.0,129953.85,11,2026-04-14
GS건설,006360,37.0,관찰,과열주의,52.78,27.32,16.0,63.14,-0.1939,2,대형,관찰,1.96,1409.4,대형 주도주 조건 · 기관 동행 · 이격/RSI 과열,수급훼손,건설,True,100.0,36870.0,32265.0,30765.38,12,2026-04-14
세미파이브,490470,50.0,관찰,과열주의,51.63,18.36,16.0,56.4,-0.0733,2,중형,관찰,2.28,876.4,연기금 10일 순매수 · 기관 동행 · 이격/RSI 과열,익절/추격주의,반도체;ASIC,True,100.0,30880.0,27330.0,26750.0,13,2026-04-14
서진시스템,178320,45.0,관찰,관찰,51.1,8.68,12.0,78.88,-0.0506,2,중형,관찰,1.15,750.1,대형 주도주 조건 · 기관 동행,수급훼손,전기장비,True,100.0,46210.0,45705.0,44992.31,14,2026-04-14
호텔신라,008770,24.0,관찰,눌림목,49.71,21.22,51.62,60.98,1.4306,5,중형,수급스윙,1.02,161.3,연기금 10일 순매수 · 거래대금 대비 수급 양호 · 대형 주도주 조건 · 기관 동행 · 20일선 부근 눌림,보유/관찰,면세;소비,True,100.0,48750.0,46405.0,46196.15,15,2026-04-14
POSCO홀딩스,005490,15.0,신규후보,주도눌림,49.64,15.24,55.76,96.76,1.5309,4,대형,주도대형,1.01,1204.9,연기금 10일 순매수 · 거래대금 대비 수급 양호 · 대형 주도주 조건 · 기관 동행 · 대형 주도주 눌림,보유/관찰,철강,True,100.0,364000.0,354900.0,351346.15,16,2026-04-14
키움증권,039490,18.0,관찰,주도돌파,49.25,16.12,62.72,88.17,1.0068,5,대형,주도대형,1.26,573.4,거래대금 대비 수급 양호 · 대형 주도주 조건 · 기관 동행 · 대형 주도주 돌파,보유/관찰,증권,True,100.0,460400.0,438550.0,434000.0,17,2026-04-14
실리콘투,257720,41.0,관찰,과열주의,49.22,17.99,29.18,75.91,0.1368,3,중형,관찰,1.5,316.5,대형 주도주 조건 · 기관 동행 · 이격/RSI 과열,수급훼손,K뷰티;유통,True,100.0,44040.0,41530.0,40742.31,18,2026-04-14
고영,098460,26.0,관찰,눌림목,49.11,13.56,48.24,65.63,0.546,3,중형,수급스윙,0.98,299.8,연기금 10일 순매수 · 거래대금 대비 수급 양호 · 대형 주도주 조건 · 기관 동행 · 20일선 부근 눌림,보유/관찰,반도체장비;자동화,True,100.0,27690.0,27075.0,26811.54,19,2026-04-14
성호전자,043260,39.0,관찰,과열주의,48.91,20.6,56.93,67.39,0.5911,4,중형,관찰,1.28,687.9,연기금 10일 순매수 · 거래대금 대비 수급 양호 · 대형 주도주 조건 · 기관 동행 · 이격/RSI 과열,익절/추격주의,전기제품,True,100.0,45870.0,44970.0,44292.31,20,2026-04-14
성광벤드,014620,38.0,관찰,눌림목,48.2,12.21,4.0,48.66,-0.3266,2,중형,수급스윙,0.94,152.3,기관 동행 · 20일선 부근 눌림,수급훼손,조선;플랜트,True,100.0,39460.0,38810.0,37723.08,21,2026-04-14
HD한국조선해양,009540,21.0,관찰,주도눌림,48.18,10.73,19.53,89.87,0.1699,2,대형,주도대형,0.82,794.1,연기금 10일 순매수 · 대형 주도주 조건 · 기관 동행 · 대형 주도주 눌림,보유/관찰,조선,True,100.0,391900.0,380500.0,374076.92,22,2026-04-14
LG화학,051910,17.0,관찰,주도눌림,47.51,11.67,48.03,95.18,0.5378,3,대형,주도대형,1.11,1134.5,연기금 10일 순매수 · 거래대금 대비 수급 양호 · 대형 주도주 조건 · 기관 동행 · 대형 주도주 눌림,보유/관찰,화학,True,100.0,347400.0,329650.0,325423.08,23,2026-04-14
SK이노베이션,096770,18.0,관찰,주도눌림,47.11,11.27,39.53,91.22,0.2899,4,대형,주도대형,1.0,597.0,연기금 10일 순매수 · 거래대금 대비 수급 양호 · 대형 주도주 조건 · 기관 동행 · 대형 주도주 눌림,보유/관찰,석유와가스,True,100.0,121980.0,120310.0,118200.0,24,2026-04-14
DL이앤씨,375500,52.0,관찰,과열주의,68.16,34.87,16.0,64.77,-0.0523,3,대형,관찰,1.11,1987.3,연기금 10일 순매수 · 대형 주도주 조건 · 기관 동행 · 이격/RSI 과열,익절/추격주의,건설;플랜트,True,100.0,96960.0,87590.0,82157.14,1,2026-04-15
달바글로벌,483650,55.0,관찰,과열주의,64.02,27.23,29.86,68.56,0.1448,3,중형,관찰,1.83,306.7,연기금 10일 순매수 · 대형 주도주 조건 · 기관 동행 · 이격/RSI 과열,익절/추격주의,화장품,True,100.0,183760.0,169340.0,163635.71,2,2026-04-15
한국콜마,161890,37.0,관찰,관찰,62.07,35.0,47.0,61.63,1.196,4,중형,관찰,1.15,199.9,연기금 10일 순매수 · 거래대금 대비 수급 양호 · 대형 주도주 조건 · 기관 동행,보유/관찰,화장품,True,100.0,80400.0,78140.0,78057.14,3,2026-04-15
미래에셋증권,006800,25.0,관찰,주도눌림,60.11,21.14,31.47,94.66,0.2308,2,대형,주도대형,1.33,2127.4,연기금 10일 순매수 · 거래대금 대비 수급 양호 · 대형 주도주 조건 · 기관 동행 · 대형 주도주 눌림,보유/관찰,증권,True,100.0,68320.0,65870.0,65478.57,4,2026-04-15
한온시스템,018880,32.0,신규후보,눌림목,58.34,19.95,52.1,67.65,1.8376,3,중형,수급스윙,1.24,241.9,연기금 10일 순매수 · 거래대금 대비 수급 양호 · 대형 주도주 조건 · 기관 동행 · 20일선 부근 눌림,보유/관찰,자동차부품,True,100.0,3965.0,3879.0,3876.07,5,2026-04-15
테스,095610,49.0,관찰,과열주의,56.97,24.46,57.83,60.97,0.7318,4,중형,관찰,1.93,318.7,거래대금 대비 수급 양호 · 대형 주도주 조건 · 기관 동행 · 이격/RSI 과열,수급훼손,반도체장비;반도체,True,100.0,82760.0,72590.0,68578.57,6,2026-04-15
GS건설,006360,39.0,관찰,과열주의,55.73,29.38,16.0,63.35,-0.168,2,대형,관찰,1.52,1626.8,대형 주도주 조건 · 기관 동행 · 이격/RSI 과열,수급훼손,건설,True,100.0,37590.0,33560.0,31496.43,7,2026-04-15
대덕전자,353200,31.0,관찰,주도눌림,54.61,11.59,32.16,89.24,0.1783,4,대형,주도대형,1.16,1068.8,거래대금 대비 수급 양호 · 대형 주도주 조건 · 기관 동행 · 대형 주도주 눌림,수급훼손,PCB;반도체,True,100.0,87760.0,85240.0,84657.14,8,2026-04-15
삼성전자우,005935,15.0,관찰,주도돌파,54.51,24.33,12.0,88.28,-0.8289,2,대형,주도대형,0.91,4410.0,대형 주도주 조건 · 기관 동행 · 대형 주도주 돌파,보유/관찰,반도체와반도체장비,True,100.0,140520.0,134520.0,131000.0,9,2026-04-15
엘앤에프,066970,31.0,관찰,주도눌림,53.63,10.48,12.0,88.99,-0.1372,3,대형,주도대형,0.7,2156.8,연기금 10일 순매수 · 대형 주도주 조건 · 기관 동행 · 대형 주도주 눌림,보유/관찰,2차전지;양극재,True,100.0,179120.0,176330.0,168985.71,10,2026-04-15
키움증권,039490,19.0,관찰,주도눌림,52.5,16.68,58.66,92.49,0.9641,5,대형,주도대형,1.25,598.8,거래대금 대비 수급 양호 · 대형 주도주 조건 · 기관 동행 · 대형 주도주 눌림,보유/관찰,증권,True,100.0,461700.0,441400.0,436285.71,11,2026-04-15
제주반도체,080220,37.0,관찰,관찰,52.18,14.69,48.31,82.7,0.5512,3,중형,관찰,0.99,464.0,연기금 10일 순매수 · 거래대금 대비 수급 양호 · 대형 주도주 조건 · 기관 동행,보유/관찰,반도체;팹리스,True,100.0,41550.0,40485.0,39732.14,12,2026-04-15
고영,098460,36.0,관찰,관찰,52.08,15.07,48.17,83.67,0.5196,3,중형,관찰,1.01,315.0,연기금 10일 순매수 · 거래대금 대비 수급 양호 · 대형 주도주 조건 · 기관 동행,보유/관찰,반도체장비;자동화,True,100.0,27830.0,27250.0,26971.43,13,2026-04-15
티엘비,356860,49.0,관찰,과열주의,51.85,19.86,43.6,53.42,0.232,5,중형,관찰,1.55,292.2,거래대금 대비 수급 양호 · 기관 동행 · 이격/RSI 과열,수급훼손,PCB;반도체,True,100.0,78040.0,73230.0,71935.71,14,2026-04-15
HD한국조선해양,009540,23.0,관찰,주도눌림,50.59,12.21,19.49,89.81,0.1704,2,대형,주도대형,0.8,791.4,연기금 10일 순매수 · 대형 주도주 조건 · 기관 동행 · 대형 주도주 눌림,보유/관찰,조선,True,100.0,394300.0,383400.0,376035.71,15,2026-04-15
POSCO홀딩스,005490,16.0,관찰,주도눌림,50.22,15.26,55.9,96.67,1.5482,4,대형,주도대형,0.92,1191.5,연기금 10일 순매수 · 거래대금 대비 수급 양호 · 대형 주도주 조건 · 기관 동행 · 대형 주도주 눌림,보유/관찰,철강,True,100.0,365100.0,357100.0,352535.71,16,2026-04-15
세미파이브,490470,43.0,관찰,과열주의,49.27,20.36,16.0,56.4,-0.0738,2,중형,관찰,2.45,869.7,연기금 10일 순매수 · 기관 동행 · 이격/RSI 과열,익절/추격주의,반도체;ASIC,True,100.0,33170.0,28505.0,27464.29,17,2026-04-15
심텍,222800,34.0,관찰,과열주의,48.67,23.73,59.28,67.37,1.2787,4,중형,관찰,1.29,549.6,연기금 10일 순매수 · 거래대금 대비 수급 양호 · 대형 주도주 조건 · 기관 동행 · 이격/RSI 과열,익절/추격주의,PCB;반도체,True,100.0,68060.0,61920.0,59089.29,18,2026-04-15
코오롱인더,120110,32.0,관찰,관찰,46.94,16.66,8.0,57.6,-0.5678,1,중형,관찰,0.92,233.0,연기금 10일 순매수 · 기관 동행,보유/관찰,화학소재;산업재,True,100.0,89180.0,85030.0,83128.57,19,2026-04-15
LIG디펜스앤에어로스페이스,079550,30.0,관찰,주도돌파,46.83,5.3,16.0,87.03,-0.2213,3,대형,주도대형,1.02,4230.8,연기금 10일 순매수 · 대형 주도주 조건 · 대형 주도주 돌파,보유/관찰,우주항공과국방,True,100.0,914800.0,868800.0,822428.57,20,2026-04-15
이수페타시스,007660,24.0,관찰,주도돌파,46.69,10.27,4.0,81.5,-0.8747,0,대형,주도대형,1.23,993.8,대형 주도주 조건 · 기관 동행 · 대형 주도주 돌파,수급훼손,전자장비와기기,True,100.0,120040.0,113550.0,111228.57,21,2026-04-15
KB금융,105560,26.0,관찰,주도눌림,46.67,5.09,16.0,92.27,-0.0883,3,대형,주도대형,0.97,1701.9,대형 주도주 조건 · 대형 주도주 눌림,수급훼손,은행,True,100.0,156640.0,152580.0,151007.14,22,2026-04-15
두산에너빌리티,034020,28.0,관찰,주도눌림,46.53,3.57,8.0,92.23,-0.6112,1,대형,주도대형,0.93,3076.0,대형 주도주 조건 · 대형 주도주 눌림,수급훼손,기계,True,100.0,100680.0,98540.0,97792.86,23,2026-04-15
SK이노베이션,096770,18.0,관찰,주도눌림,46.11,10.25,35.5,90.38,0.2894,4,대형,주도대형,0.88,598.0,연기금 10일 순매수 · 거래대금 대비 수급 양호 · 대형 주도주 조건 · 기관 동행 · 대형 주도주 눌림,보유/관찰,석유와가스,True,100.0,122220.0,121020.0,118442.86,24,2026-04-15
DL이앤씨,375500,61.0,관찰,과열주의,72.69,35.0,16.0,59.77,-0.0529,3,대형,관찰,1.05,1964.4,연기금 10일 순매수 · 기관 동행 · 이격/RSI 과열,익절/추격주의,건설;플랜트,True,100.0,97900.0,90680.0,83280.0,1,2026-04-16
달바글로벌,483650,55.0,관찰,과열주의,65.83,29.41,29.97,68.31,0.1469,3,중형,관찰,1.37,302.3,연기금 10일 순매수 · 대형 주도주 조건 · 기관 동행 · 이격/RSI 과열,익절/추격주의,화장품,True,100.0,186100.0,173490.0,165306.67,2,2026-04-16
LG이노텍,011070,32.0,관찰,주도돌파,65.42,25.39,52.86,89.21,0.571,4,대형,주도대형,1.01,967.4,연기금 10일 순매수 · 거래대금 대비 수급 양호 · 대형 주도주 조건 · 기관 동행 · 대형 주도주 돌파,보유/관찰,카메라모듈;IT부품,True,100.0,374800.0,354850.0,342800.0,3,2026-04-16
티엘비,356860,61.0,관찰,과열주의,62.91,22.65,43.18,64.26,0.225,5,중형,관찰,1.33,301.2,거래대금 대비 수급 양호 · 대형 주도주 조건 · 기관 동행 · 이격/RSI 과열,수급훼손,PCB;반도체,True,100.0,79000.0,75090.0,72793.33,4,2026-04-16
대덕전자,353200,45.0,관찰,주도돌파,62.79,14.26,35.42,84.81,0.1678,4,대형,주도대형,1.28,1135.2,거래대금 대비 수급 양호 · 대형 주도주 조건 · 기관 동행 · 대형 주도주 돌파,수급훼손,PCB;반도체,True,100.0,88940.0,86540.0,85233.33,5,2026-04-16
한국콜마,161890,38.0,관찰,관찰,62.61,35.0,47.21,61.35,1.2093,4,중형,관찰,1.02,197.7,연기금 10일 순매수 · 거래대금 대비 수급 양호 · 대형 주도주 조건 · 기관 동행,보유/관찰,화장품,True,100.0,81620.0,78980.0,78486.67,6,2026-04-16
한온시스템,018880,34.0,신규후보,눌림목,61.81,22.51,56.24,68.45,1.7276,3,중형,수급스윙,1.39,257.3,연기금 10일 순매수 · 거래대금 대비 수급 양호 · 대형 주도주 조건 · 기관 동행 · 20일선 부근 눌림,보유/관찰,자동차부품,True,100.0,3994.0,3911.5,3890.0,7,2026-04-16
SK이노베이션,096770,41.0,관찰,주도눌림,60.8,11.8,35.12,90.54,0.2817,4,대형,주도대형,0.87,614.4,연기금 10일 순매수 · 거래대금 대비 수급 양호 · 대형 주도주 조건 · 기관 동행 · 대형 주도주 눌림,보유/관찰,석유와가스,True,100.0,122720.0,122120.0,118980.0,8,2026-04-16
HD한국조선해양,009540,34.0,관찰,주도눌림,58.27,13.75,19.7,89.79,0.1719,2,대형,주도대형,0.79,784.5,연기금 10일 순매수 · 대형 주도주 조건 · 기관 동행 · 대형 주도주 눌림,보유/관찰,조선,True,100.0,397700.0,389150.0,378166.67,9,2026-04-16
태웅,044490,34.0,신규후보,돌파,56.27,20.98,22.19,54.47,0.2094,2,중형,수급스윙,0.67,247.6,연기금 10일 순매수 · 기관 동행 · 거래량 동반 돌파,보유/관찰,에너지장비및서비스,True,100.0,47850.0,47755.0,47663.33,10,2026-04-16
LIG디펜스앤에어로스페이스,079550,41.0,관찰,주도눌림,55.78,5.72,12.0,91.46,-0.2271,3,대형,주도대형,0.84,4122.2,연기금 10일 순매수 · 대형 주도주 조건 · 대형 주도주 눌림,보유/관찰,우주항공과국방,True,100.0,914000.0,878700.0,826466.67,11,2026-04-16
테스,095610,55.0,관찰,과열주의,55.21,19.3,57.9,55.67,0.7357,4,중형,관찰,1.68,317.0,거래대금 대비 수급 양호 · 기관 동행 · 이격/RSI 과열,수급훼손,반도체장비;반도체,True,100.0,85780.0,75700.0,69993.33,12,2026-04-16
서진시스템,178320,48.0,관찰,돌파,54.9,4.98,16.0,80.14,-0.0414,2,중형,수급스윙,1.62,918.0,대형 주도주 조건 · 거래량 동반 돌파,수급훼손,전기장비,True,100.0,48880.0,46610.0,45760.0,13,2026-04-16
POSCO홀딩스,005490,25.0,신규후보,주도눌림,54.55,14.33,52.1,96.08,1.5869,4,대형,주도대형,0.77,1162.4,연기금 10일 순매수 · 거래대금 대비 수급 양호 · 대형 주도주 조건 · 기관 동행 · 대형 주도주 눌림,보유/관찰,철강,True,100.0,365700.0,360000.0,353700.0,14,2026-04-16
키움증권,039490,19.0,관찰,주도눌림,54.5,18.93,62.72,93.07,0.9563,5,대형,주도대형,1.28,603.7,거래대금 대비 수급 양호 · 대형 주도주 조건 · 기관 동행 · 대형 주도주 눌림,보유/관찰,증권,True,100.0,464200.0,446950.0,437833.33,15,2026-04-16
미래에셋증권,006800,15.0,관찰,주도돌파,53.43,22.8,32.14,89.71,0.236,2,대형,주도대형,1.36,2080.3,연기금 10일 순매수 · 거래대금 대비 수급 양호 · 대형 주도주 조건 · 기관 동행 · 대형 주도주 돌파,보유/관찰,증권,True,100.0,69040.0,66840.0,65866.67,16,2026-04-16
삼양식품,003230,38.0,관찰,돌파,52.5,8.65,15.53,81.95,0.1078,1,중형,수급스윙,1.06,755.1,연기금 10일 순매수 · 대형 주도주 조건 · 기관 동행 · 거래량 동반 돌파,보유/관찰,식품,True,100.0,1286400.0,1240100.0,1236466.67,17,2026-04-16
태광,023160,51.0,관찰,관찰,52.39,11.13,4.0,52.2,-0.5748,1,중형,관찰,0.88,276.6,기관 동행,수급훼손,기계,True,100.0,45890.0,43945.0,41156.67,18,2026-04-16
현대로템,064350,33.0,관찰,주도눌림,52.05,7.08,8.0,89.96,-0.578,1,대형,주도대형,1.0,1596.1,연기금 10일 순매수 · 대형 주도주 조건 · 대형 주도주 눌림,보유/관찰,우주항공과국방,True,100.0,210700.0,209500.0,201266.67,19,2026-04-16
삼성중공업,010140,31.0,관찰,주도눌림,51.71,8.13,8.0,89.48,-0.9687,2,대형,주도대형,0.83,1179.7,대형 주도주 조건 · 기관 동행 · 대형 주도주 눌림,수급훼손,조선,True,100.0,28170.0,27900.0,27190.0,20,2026-04-16
심텍,222800,37.0,관찰,과열주의,51.17,24.7,55.34,66.96,1.2245,4,중형,관찰,1.24,573.9,연기금 10일 순매수 · 거래대금 대비 수급 양호 · 대형 주도주 조건 · 기관 동행 · 이격/RSI 과열,익절/추격주의,PCB;반도체,True,100.0,69600.0,64635.0,60223.33,21,2026-04-16
대한전선,001440,56.0,관찰,과열주의,50.72,11.93,12.0,63.1,-0.1312,1,대형,관찰,2.4,2384.6,연기금 10일 순매수 · 대형 주도주 조건 · 기관 동행 · 이격/RSI 과열,익절/추격주의,전력망;전선,True,100.0,35840.0,32725.0,31246.67,22,2026-04-16
현대오토에버,307950,30.0,관찰,관찰,49.62,16.02,55.48,84.99,1.2777,3,대형,관찰,1.39,305.5,연기금 10일 순매수 · 거래대금 대비 수급 양호 · 대형 주도주 조건 · 기관 동행,보유/관찰,IT서비스,True,100.0,406700.0,396600.0,390966.67,23,2026-04-16
성호전자,043260,26.0,관찰,관찰,49.12,18.3,56.79,84.31,0.5705,4,중형,관찰,1.51,712.7,연기금 10일 순매수 · 거래대금 대비 수급 양호 · 대형 주도주 조건 · 기관 동행,보유/관찰,전기제품,True,100.0,49320.0,45925.0,45116.67,24,2026-04-16
한국콜마,161890,59.0,신규후보,돌파,82.4,35.0,55.07,52.68,1.1611,4,중형,수급스윙,1.15,205.9,연기금 10일 순매수 · 거래대금 대비 수급 양호 · 기관 동행 · 거래량 동반 돌파,보유/관찰,화장품,True,100.0,83200.0,80050.0,79006.25,1,2026-04-17
한온시스템,018880,45.0,신규후보,돌파,70.46,24.01,55.97,87.19,1.4395,3,중형,수급스윙,1.64,308.8,연기금 10일 순매수 · 거래대금 대비 수급 양호 · 대형 주도주 조건 · 기관 동행 · 거래량 동반 돌파,보유/관찰,자동차부품,True,100.0,4043.0,3949.5,3906.88,2,2026-04-17
달바글로벌,483650,55.0,관찰,과열주의,65.43,31.72,29.65,53.58,0.1406,3,중형,관찰,1.36,315.8,연기금 10일 순매수 · 기관 동행 · 이격/RSI 과열,익절/추격주의,화장품,True,100.0,189860.0,178520.0,167337.5,3,2026-04-17
대덕전자,353200,46.0,관찰,주도돌파,63.9,14.98,31.42,84.29,0.1678,4,대형,주도대형,1.22,1135.3,거래대금 대비 수급 양호 · 대형 주도주 조건 · 기관 동행 · 대형 주도주 돌파,수급훼손,PCB;반도체,True,100.0,89820.0,87850.0,85800.0,4,2026-04-17
티엘비,356860,55.0,관찰,관찰,59.94,17.12,43.32,53.07,0.2263,5,중형,관찰,1.32,299.5,거래대금 대비 수급 양호 · 기관 동행,수급훼손,PCB;반도체,True,100.0,80400.0,76690.0,73337.5,5,2026-04-17
제주반도체,080220,48.0,관찰,관찰,58.65,14.85,48.52,82.41,0.5544,3,중형,관찰,1.09,461.3,연기금 10일 순매수 · 거래대금 대비 수급 양호 · 대형 주도주 조건 · 기관 동행,보유/관찰,반도체;팹리스,True,100.0,42440.0,41440.0,40187.5,6,2026-04-17
DL이앤씨,375500,50.0,관찰,과열주의,56.6,21.69,16.0,69.77,-0.0545,3,대형,관찰,0.97,1905.2,연기금 10일 순매수 · 대형 주도주 조건 · 기관 동행 · 이격/RSI 과열,익절/추격주의,건설;플랜트,True,100.0,98540.0,92950.0,84181.25,7,2026-04-17
코리아써키트,007810,36.0,관찰,과열주의,56.55,29.55,49.28,78.45,0.6228,3,중형,관찰,1.0,392.0,연기금 10일 순매수 · 거래대금 대비 수급 양호 · 대형 주도주 조건 · 기관 동행 · 이격/RSI 과열,익절/추격주의,전자장비와기기,True,100.0,87200.0,81440.0,78681.25,8,2026-04-17
레인보우로보틱스,277810,26.0,관찰,주도눌림,56.1,16.0,56.86,93.28,3.1187,5,대형,주도대형,0.8,645.0,연기금 10일 순매수 · 거래대금 대비 수급 양호 · 대형 주도주 조건 · 기관 동행 · 대형 주도주 눌림,보유/관찰,기계,True,100.0,606200.0,589200.0,572625.0,9,2026-04-17
POSCO홀딩스,005490,27.0,관찰,주도돌파,55.72,16.91,56.1,91.81,1.4923,4,대형,주도대형,0.96,1236.1,연기금 10일 순매수 · 거래대금 대비 수급 양호 · 대형 주도주 조건 · 기관 동행 · 대형 주도주 돌파,보유/관찰,철강,True,100.0,368900.0,363750.0,355656.25,10,2026-04-17
후성,093370,65.0,관찰,과열주의,54.27,13.05,16.0,46.72,-0.0098,2,중형,관찰,1.67,804.7,연기금 10일 순매수 · 기관 동행 · 이격/RSI 과열,익절/추격주의,2차전지;전해질,True,100.0,11470.0,10866.0,9589.38,11,2026-04-17
RFHIC,218410,38.0,관찰,눌림목,54.27,8.29,24.55,82.39,0.1835,3,중형,수급스윙,0.82,592.3,연기금 10일 순매수 · 대형 주도주 조건 · 기관 동행 · 20일선 부근 눌림,보유/관찰,통신장비,True,100.0,94560.0,90290.0,88037.5,12,2026-04-17
태광,023160,52.0,관찰,관찰,54.21,12.65,4.0,51.84,-0.5961,1,중형,관찰,0.79,266.7,기관 동행,수급훼손,기계,True,100.0,45450.0,44255.0,41362.5,13,2026-04-17
LS머트리얼즈,417200,42.0,관찰,관찰,53.98,15.62,4.0,70.92,-0.4267,0,중형,관찰,1.13,502.7,연기금 10일 순매수 · 대형 주도주 조건 · 기관 동행,보유/관찰,2차전지;소재,True,100.0,21970.0,20837.0,20310.62,14,2026-04-17
현대로템,064350,35.0,관찰,주도눌림,53.7,8.59,8.0,84.96,-0.5843,1,대형,주도대형,0.96,1579.0,연기금 10일 순매수 · 대형 주도주 조건 · 기관 동행 · 대형 주도주 눌림,보유/관찰,우주항공과국방,True,100.0,211900.0,210100.0,202187.5,15,2026-04-17
LG이노텍,011070,33.0,관찰,과열주의,53.64,26.26,48.86,88.64,0.5766,4,대형,관찰,0.76,958.0,연기금 10일 순매수 · 거래대금 대비 수급 양호 · 대형 주도주 조건 · 기관 동행 · 이격/RSI 과열,익절/추격주의,카메라모듈;IT부품,True,100.0,377600.0,361800.0,346000.0,16,2026-04-17
포스코퓨처엠,003670,29.0,관찰,돌파,53.39,14.52,51.41,88.95,1.2376,4,대형,수급스윙,0.72,775.3,연기금 10일 순매수 · 거래대금 대비 수급 양호 · 대형 주도주 조건 · 기관 동행 · 거래량 동반 돌파,보유/관찰,화학,True,100.0,220600.0,217600.0,214937.5,17,2026-04-17
LIG디펜스앤에어로스페이스,079550,39.0,관찰,주도눌림,53.26,4.13,12.0,91.46,-0.2371,3,대형,주도대형,0.73,3948.1,연기금 10일 순매수 · 대형 주도주 조건 · 대형 주도주 눌림,보유/관찰,우주항공과국방,True,100.0,905000.0,880300.0,829562.5,18,2026-04-17
심텍,222800,39.0,관찰,과열주의,53.16,26.62,55.48,61.93,1.2403,4,중형,관찰,1.19,566.6,연기금 10일 순매수 · 거래대금 대비 수급 양호 · 대형 주도주 조건 · 기관 동행 · 이격/RSI 과열,익절/추격주의,PCB;반도체,True,100.0,71220.0,67300.0,61221.88,19,2026-04-17
코오롱인더,120110,31.0,관찰,눌림목,51.93,15.04,8.0,57.29,-0.5742,1,중형,수급스윙,0.91,230.4,연기금 10일 순매수 · 기관 동행 · 20일선 부근 눌림,보유/관찰,화학소재;산업재,True,100.0,88480.0,86350.0,83606.25,20,2026-04-17
HD한국조선해양,009540,25.0,관찰,주도돌파,51.24,15.25,19.67,79.89,0.1714,2,대형,주도대형,0.88,786.9,연기금 10일 순매수 · 대형 주도주 조건 · 기관 동행 · 대형 주도주 돌파,보유/관찰,조선,True,100.0,402800.0,393600.0,380750.0,21,2026-04-17
HD현대마린엔진,071970,47.0,관찰,과열주의,50.7,22.19,12.0,41.12,-1.014,1,중형,관찰,1.83,207.6,연기금 10일 순매수 · 기관 동행 · 이격/RSI 과열,익절/추격주의,조선,True,100.0,86400.0,81970.0,78331.25,22,2026-04-17
한화솔루션,009830,39.0,관찰,주도돌파,50.34,4.16,4.0,82.39,-0.3529,1,대형,주도대형,0.88,1635.9,연기금 10일 순매수 · 대형 주도주 조건 · 대형 주도주 돌파,보유/관찰,에너지장비및서비스,True,100.0,42470.0,40895.0,39409.38,23,2026-04-17
성호전자,043260,39.0,관찰,과열주의,49.89,19.88,56.38,77.31,0.5459,4,중형,관찰,1.6,744.8,연기금 10일 순매수 · 거래대금 대비 수급 양호 · 대형 주도주 조건 · 기관 동행 · 이격/RSI 과열,익절/추격주의,전기제품,True,100.0,50930.0,46580.0,45578.12,24,2026-04-17
한온시스템,018880,35.0,신규후보,눌림목,67.92,25.52,55.9,87.08,1.4574,3,중형,수급스윙,1.74,305.0,연기금 10일 순매수 · 거래대금 대비 수급 양호 · 대형 주도주 조건 · 기관 동행 · 20일선 부근 눌림,보유/관찰,자동차부품,True,100.0,4083.0,3983.5,3917.94,1,2026-04-20
한국콜마,161890,39.0,관찰,관찰,65.78,35.0,55.28,52.55,1.1871,4,중형,관찰,1.02,201.4,연기금 10일 순매수 · 거래대금 대비 수급 양호 · 기관 동행,보유/관찰,화장품,True,100.0,84220.0,81180.0,79476.47,2,2026-04-20
티엘비,356860,65.0,관찰,관찰,65.29,15.76,39.75,57.45,0.2323,5,중형,관찰,1.16,291.8,거래대금 대비 수급 양호 · 기관 동행,수급훼손,PCB;반도체,True,100.0,81240.0,77850.0,73652.94,3,2026-04-20
대덕전자,353200,51.0,관찰,주도눌림,64.05,9.05,31.65,89.22,0.171,4,대형,주도대형,1.24,1114.3,거래대금 대비 수급 양호 · 대형 주도주 조건 · 기관 동행 · 대형 주도주 눌림,수급훼손,PCB;반도체,True,100.0,91220.0,89050.0,86223.53,4,2026-04-20
LG에너지솔루션,373220,38.0,신규후보,주도눌림,60.8,12.67,44.86,96.8,0.5784,3,대형,주도대형,0.87,1677.9,연기금 10일 순매수 · 거래대금 대비 수급 양호 · 대형 주도주 조건 · 기관 동행 · 대형 주도주 눌림,보유/관찰,전기제품,True,100.0,414200.0,412000.0,408323.53,5,2026-04-20
LS머트리얼즈,417200,47.0,신규후보,눌림목,59.58,9.64,4.0,75.77,-0.4328,0,중형,수급스윙,1.19,495.7,연기금 10일 순매수 · 대형 주도주 조건 · 기관 동행 · 20일선 부근 눌림,보유/관찰,2차전지;소재,True,100.0,22150.0,21007.0,20368.82,6,2026-04-20
에이치브이엠,295310,52.0,관찰,관찰,59.54,17.81,41.16,57.79,0.3735,3,중형,관찰,1.19,241.9,거래대금 대비 수급 양호 · 기관 동행,수급훼손,비철금속,True,100.0,93000.0,87650.0,87164.71,7,2026-04-20
HD한국조선해양,009540,35.0,관찰,주도돌파,59.15,16.77,19.8,84.96,0.1726,2,대형,주도대형,0.89,781.7,연기금 10일 순매수 · 대형 주도주 조건 · 기관 동행 · 대형 주도주 돌파,보유/관찰,조선,True,100.0,407700.0,397750.0,382647.06,8,2026-04-20
코리아써키트,007810,39.0,관찰,과열주의,58.89,31.59,49.55,71.38,0.643,3,중형,관찰,1.02,379.7,연기금 10일 순매수 · 거래대금 대비 수급 양호 · 대형 주도주 조건 · 기관 동행 · 이격/RSI 과열,익절/추격주의,전자장비와기기,True,100.0,89480.0,83780.0,79382.35,9,2026-04-20
DL이앤씨,375500,50.0,관찰,과열주의,58.87,23.04,16.0,76.77,-0.0567,3,대형,관찰,0.95,1833.2,연기금 10일 순매수 · 대형 주도주 조건 · 기관 동행 · 이격/RSI 과열,익절/추격주의,건설;플랜트,True,100.0,98740.0,94780.0,84847.06,10,2026-04-20
코오롱인더,120110,40.0,관찰,눌림목,58.71,16.85,8.0,57.45,-0.5727,1,중형,수급스윙,1.01,231.0,연기금 10일 순매수 · 기관 동행 · 20일선 부근 눌림,보유/관찰,화학소재;산업재,True,100.0,88320.0,86760.0,83811.76,11,2026-04-20
SK이노베이션,096770,35.0,관찰,주도돌파,58.58,15.89,39.5,86.11,0.288,4,대형,주도대형,0.96,601.0,연기금 10일 순매수 · 거래대금 대비 수급 양호 · 대형 주도주 조건 · 기관 동행 · 대형 주도주 돌파,보유/관찰,석유와가스,True,100.0,125580.0,123800.0,120170.59,12,2026-04-20
제주반도체,080220,48.0,관찰,관찰,57.82,14.82,48.59,77.37,0.5632,3,중형,관찰,1.15,454.1,연기금 10일 순매수 · 거래대금 대비 수급 양호 · 대형 주도주 조건 · 기관 동행,보유/관찰,반도체;팹리스,True,100.0,42760.0,41840.0,40352.94,13,2026-04-20
에코프로,086520,40.0,관찰,주도눌림,57.22,8.17,16.0,91.12,-0.029,3,대형,주도대형,0.99,1763.5,대형 주도주 조건 · 기관 동행 · 대형 주도주 눌림,수급훼손,화학,True,100.0,149760.0,148570.0,146876.47,14,2026-04-20
달바글로벌,483650,40.0,관찰,과열주의,55.33,32.61,25.48,40.09,0.1385,3,중형,관찰,1.24,320.6,연기금 10일 순매수 · 기관 동행 · 이격/RSI 과열,익절/추격주의,화장품,True,100.0,192240.0,183400.0,169288.24,15,2026-04-20
실리콘투,257720,48.0,관찰,관찰,54.59,12.46,25.61,69.77,0.1391,3,중형,관찰,1.04,311.3,대형 주도주 조건 · 기관 동행,수급훼손,K뷰티;유통,True,100.0,46860.0,44705.0,42211.76,16,2026-04-20
LG이노텍,011070,35.0,관찰,과열주의,54.38,28.01,48.93,76.7,0.5798,4,대형,관찰,0.79,952.8,연기금 10일 순매수 · 거래대금 대비 수급 양호 · 대형 주도주 조건 · 기관 동행 · 이격/RSI 과열,익절/추격주의,카메라모듈;IT부품,True,100.0,387200.0,369100.0,349735.29,17,2026-04-20
레인보우로보틱스,277810,25.0,관찰,주도눌림,54.27,14.5,56.86,93.38,3.1495,5,대형,주도대형,0.87,638.7,연기금 10일 순매수 · 거래대금 대비 수급 양호 · 대형 주도주 조건 · 기관 동행 · 대형 주도주 눌림,보유/관찰,기계,True,100.0,610600.0,595800.0,574705.88,18,2026-04-20
에코프로비엠,247540,29.0,관찰,주도눌림,53.97,11.28,48.18,94.16,0.4987,4,대형,주도대형,0.89,952.0,거래대금 대비 수급 양호 · 대형 주도주 조건 · 기관 동행 · 대형 주도주 눌림,보유/관찰,전기제품,True,100.0,204660.0,203980.0,201729.41,19,2026-04-20
HJ중공업,097230,52.0,관찰,관찰,52.96,6.28,8.0,77.88,-0.2665,0,중형,관찰,1.61,401.7,대형 주도주 조건,보유/관찰,조선;방산,True,100.0,27730.0,26495.0,25185.29,20,2026-04-20
현대바이오,048410,46.0,관찰,돌파,51.41,7.65,32.95,51.44,0.19,3,중형,수급스윙,1.74,260.7,거래대금 대비 수급 양호 · 거래량 동반 돌파,수급훼손,화장품,True,100.0,14104.0,13934.0,13727.65,21,2026-04-20
호텔신라,008770,32.0,관찰,관찰,50.8,26.91,55.41,52.31,1.2359,5,중형,관찰,1.27,186.7,연기금 10일 순매수 · 거래대금 대비 수급 양호 · 기관 동행,보유/관찰,면세;소비,True,100.0,51680.0,49975.0,47670.59,22,2026-04-20
미래에셋증권,006800,26.0,관찰,주도눌림,50.77,9.45,32.96,94.72,0.2468,2,대형,주도대형,1.46,1989.6,연기금 10일 순매수 · 거래대금 대비 수급 양호 · 대형 주도주 조건 · 기관 동행 · 대형 주도주 눌림,보유/관찰,증권,True,100.0,70560.0,68150.0,66317.65,23,2026-04-20
후성,093370,55.0,관찰,과열주의,50.48,14.49,16.0,51.67,-0.01,2,중형,관찰,1.74,788.7,연기금 10일 순매수 · 기관 동행 · 이격/RSI 과열,익절/추격주의,2차전지;전해질,True,100.0,11946.0,11180.0,9792.35,24,2026-04-20
한온시스템,018880,55.0,신규후보,돌파,78.07,26.94,55.41,82.95,1.2092,3,중형,수급스윙,2.04,367.6,연기금 10일 순매수 · 거래대금 대비 수급 양호 · 대형 주도주 조건 · 기관 동행 · 거래량 동반 돌파,보유/관찰,자동차부품,True,100.0,4129.0,4036.5,3936.39,1,2026-04-21
달바글로벌,483650,55.0,관찰,과열주의,68.15,34.12,25.61,57.79,0.1385,3,중형,관찰,1.16,320.6,연기금 10일 순매수 · 기관 동행 · 이격/RSI 과열,익절/추격주의,화장품,True,100.0,195140.0,187090.0,170922.22,2,2026-04-21
티엘비,356860,55.0,신규후보,눌림목,66.38,15.67,40.37,57.28,0.2378,5,중형,수급스윙,1.0,285.0,거래대금 대비 수급 양호 · 기관 동행 · 20일선 부근 눌림,수급훼손,PCB;반도체,True,100.0,80800.0,78660.0,73872.22,3,2026-04-21
한국콜마,161890,40.0,관찰,관찰,62.91,35.0,47.48,56.02,1.2105,4,중형,관찰,0.98,197.5,연기금 10일 순매수 · 거래대금 대비 수급 양호 · 기관 동행,보유/관찰,화장품,True,100.0,85480.0,82340.0,79855.56,4,2026-04-21
SK이노베이션,096770,37.0,관찰,주도돌파,60.27,17.41,38.26,81.3,0.2645,4,대형,주도대형,1.23,654.3,연기금 10일 순매수 · 거래대금 대비 수급 양호 · 대형 주도주 조건 · 기관 동행 · 대형 주도주 돌파,보유/관찰,석유와가스,True,100.0,127960.0,124970.0,120911.11,5,2026-04-21
DL이앤씨,375500,52.0,관찰,과열주의,59.42,23.77,12.0,69.09,-0.0561,3,대형,관찰,0.86,1852.1,연기금 10일 순매수 · 대형 주도주 조건 · 기관 동행 · 이격/RSI 과열,익절/추격주의,건설;플랜트,True,100.0,99060.0,97280.0,85722.22,6,2026-04-21
에코프로,086520,41.0,관찰,주도돌파,57.63,10.56,20.0,86.74,-0.0271,3,대형,주도대형,1.26,1887.8,대형 주도주 조건 · 기관 동행 · 대형 주도주 돌파,수급훼손,화학,True,100.0,153660.0,150460.0,147811.11,7,2026-04-21
심텍,222800,43.0,관찰,과열주의,57.47,31.31,59.55,49.46,1.2286,4,중형,관찰,1.33,572.0,연기금 10일 순매수 · 거래대금 대비 수급 양호 · 기관 동행 · 이격/RSI 과열,익절/추격주의,PCB;반도체,True,100.0,76220.0,71830.0,63180.56,8,2026-04-21
현대무벡스,319400,46.0,관찰,눌림목,57.35,6.09,24.67,84.31,0.1251,2,중형,수급스윙,1.58,547.0,연기금 10일 순매수 · 대형 주도주 조건 · 20일선 부근 눌림,보유/관찰,기계,True,100.0,31010.0,30550.0,28386.11,9,2026-04-21
HD한국조선해양,009540,25.0,관찰,주도돌파,55.49,19.18,23.77,85.53,0.1706,2,대형,주도대형,0.99,790.9,연기금 10일 순매수 · 대형 주도주 조건 · 기관 동행 · 대형 주도주 돌파,보유/관찰,조선,True,100.0,413900.0,402900.0,385138.89,10,2026-04-21
LG이노텍,011070,35.0,관찰,과열주의,55.03,29.76,49.07,71.46,0.5831,4,대형,관찰,0.86,947.3,연기금 10일 순매수 · 거래대금 대비 수급 양호 · 대형 주도주 조건 · 기관 동행 · 이격/RSI 과열,익절/추격주의,카메라모듈;IT부품,True,100.0,398100.0,379050.0,353916.67,11,2026-04-21
에코프로비엠,247540,31.0,관찰,주도돌파,54.59,13.28,50.51,89.54,0.4668,4,대형,주도대형,1.14,1017.0,거래대금 대비 수급 양호 · 대형 주도주 조건 · 기관 동행 · 대형 주도주 돌파,보유/관찰,전기제품,True,100.0,209200.0,205880.0,202772.22,12,2026-04-21
NC,036570,33.0,관찰,관찰,53.82,24.05,16.0,57.75,-0.0862,2,중형,관찰,1.34,293.5,연기금 10일 순매수 · 기관 동행,보유/관찰,게임엔터테인먼트,True,100.0,260800.0,248350.0,235361.11,13,2026-04-21
제주반도체,080220,51.0,관찰,과열주의,51.95,16.1,45.1,66.81,0.3752,3,중형,관찰,1.87,681.7,연기금 10일 순매수 · 거래대금 대비 수급 양호 · 대형 주도주 조건 · 기관 동행 · 이격/RSI 과열,익절/추격주의,반도체;팹리스,True,100.0,43790.0,42735.0,40713.89,14,2026-04-21
피에스케이홀딩스,031980,32.0,관찰,눌림목,51.81,13.35,40.3,61.89,0.3605,2,중형,수급스윙,1.39,219.2,연기금 10일 순매수 · 거래대금 대비 수급 양호 · 대형 주도주 조건 · 기관 동행 · 20일선 부근 눌림,보유/관찰,반도체와반도체장비,True,100.0,115760.0,111180.0,105288.89,15,2026-04-21
GS건설,006360,54.0,관찰,과열주의,51.48,15.06,16.0,58.5,-0.1623,2,대형,관찰,1.42,1684.1,기관 동행 · 이격/RSI 과열,수급훼손,건설,True,100.0,40140.0,38505.0,33369.44,16,2026-04-21
이수스페셜티케미컬,457190,54.0,관찰,과열주의,51.16,15.32,22.25,55.14,0.0353,3,중형,관찰,2.17,468.0,연기금 10일 순매수 · 기관 동행 · 이격/RSI 과열,익절/추격주의,전고체;2차전지,True,100.0,111640.0,104350.0,99383.33,17,2026-04-21
코리아써키트,007810,32.0,관찰,과열주의,50.99,25.9,45.62,77.61,0.6542,3,중형,관찰,0.75,373.2,연기금 10일 순매수 · 거래대금 대비 수급 양호 · 대형 주도주 조건 · 기관 동행 · 이격/RSI 과열,익절/추격주의,전자장비와기기,True,100.0,89580.0,85720.0,79950.0,18,2026-04-21
대주전자재료,078600,58.0,관찰,과열주의,50.38,11.66,8.0,55.15,-0.8015,0,중형,관찰,1.67,430.7,기관 동행 · 이격/RSI 과열,수급훼손,2차전지;소재,True,100.0,136140.0,127370.0,125388.89,19,2026-04-21
테스,095610,48.0,관찰,과열주의,49.87,18.94,54.03,49.59,0.7509,4,중형,관찰,1.09,310.6,거래대금 대비 수급 양호 · 기관 동행 · 이격/RSI 과열,수급훼손,반도체장비;반도체,True,100.0,89360.0,83960.0,73155.56,20,2026-04-21
한화오션,042660,27.0,신규후보,주도눌림,49.67,7.63,26.61,93.93,0.2136,3,대형,주도대형,0.82,2303.1,대형 주도주 조건 · 대형 주도주 눌림,보유/관찰,조선,True,100.0,129520.0,126640.0,124733.33,21,2026-04-21
고려아연,010130,35.0,관찰,관찰,49.55,12.19,0.0,86.79,-0.5037,2,대형,관찰,0.44,727.8,대형 주도주 조건 · 기관 동행,수급훼손,비철금속,True,100.0,1673600.0,1637200.0,1565444.44,22,2026-04-21
롯데쇼핑,023530,31.0,관찰,관찰,47.91,22.09,56.24,63.43,1.507,5,중형,관찰,1.34,152.4,연기금 10일 순매수 · 거래대금 대비 수급 양호 · 대형 주도주 조건 · 기관 동행,보유/관찰,백화점과일반상점,True,100.0,117720.0,112350.0,109444.44,23,2026-04-21
에코프로머티,450080,50.0,관찰,과열주의,47.79,10.51,8.0,74.09,-0.0428,1,대형,관찰,1.19,1533.4,연기금 10일 순매수 · 대형 주도주 조건 · 기관 동행 · 이격/RSI 과열,익절/추격주의,2차전지;전구체,True,100.0,75320.0,74260.0,72716.67,24,2026-04-21
달바글로벌,483650,50.0,관찰,과열주의,63.26,35.0,29.08,40.71,0.1292,3,중형,관찰,1.3,343.7,연기금 10일 순매수 · 기관 동행 · 이격/RSI 과열,익절/추격주의,화장품,True,100.0,199740.0,191750.0,173136.84,1,2026-04-22
LG이노텍,011070,46.0,관찰,과열주의,62.22,32.46,52.66,62.18,0.5236,4,대형,관찰,1.16,1055.1,연기금 10일 순매수 · 거래대금 대비 수급 양호 · 대형 주도주 조건 · 기관 동행 · 이격/RSI 과열,익절/추격주의,카메라모듈;IT부품,True,100.0,421500.0,394350.0,361605.26,2,2026-04-22
한국콜마,161890,40.0,관찰,관찰,62.09,35.0,47.62,50.88,1.221,4,중형,관찰,0.94,195.8,연기금 10일 순매수 · 거래대금 대비 수급 양호 · 기관 동행,보유/관찰,화장품,True,100.0,86320.0,83360.0,80231.58,3,2026-04-22
한화오션,042660,39.0,관찰,주도눌림,58.66,9.93,30.1,94.38,0.2062,3,대형,주도대형,1.04,2385.9,거래대금 대비 수급 양호 · 대형 주도주 조건 · 기관 동행 · 대형 주도주 눌림,보유/관찰,조선,True,100.0,131360.0,127370.0,125273.68,4,2026-04-22
티엘비,356860,55.0,관찰,관찰,58.64,15.73,40.37,52.33,0.2377,5,중형,관찰,0.93,285.1,거래대금 대비 수급 양호 · 기관 동행,수급훼손,PCB;반도체,True,100.0,80980.0,79510.0,74315.79,5,2026-04-22
현대무벡스,319400,46.0,신규후보,눌림목,57.37,6.15,24.82,84.17,0.1267,2,중형,수급스윙,1.62,540.5,연기금 10일 순매수 · 대형 주도주 조건 · 20일선 부근 눌림,보유/관찰,기계,True,100.0,30920.0,30650.0,28481.58,6,2026-04-22
엘앤에프,066970,51.0,관찰,과열주의,56.72,18.4,16.0,84.35,-0.1411,3,대형,관찰,0.92,2097.9,연기금 10일 순매수 · 대형 주도주 조건 · 기관 동행 · 이격/RSI 과열,익절/추격주의,2차전지;양극재,True,100.0,185980.0,182550.0,173457.89,7,2026-04-22
DL이앤씨,375500,48.0,관찰,과열주의,55.43,20.51,12.0,75.99,-0.0574,3,대형,관찰,0.72,1808.1,연기금 10일 순매수 · 대형 주도주 조건 · 기관 동행 · 이격/RSI 과열,익절/추격주의,건설;플랜트,True,100.0,98160.0,97560.0,86368.42,8,2026-04-22
삼성생명,032830,27.0,관찰,주도눌림,54.03,12.65,50.45,94.51,0.8688,4,대형,주도대형,0.8,709.0,연기금 10일 순매수 · 거래대금 대비 수급 양호 · 대형 주도주 조건 · 기관 동행 · 대형 주도주 눌림,보유/관찰,생명보험,True,100.0,253700.0,247200.0,235605.26,9,2026-04-22
에코프로비엠,247540,27.0,신규후보,주도눌림,53.94,12.46,53.73,94.95,0.4526,4,대형,주도대형,1.27,1048.9,거래대금 대비 수급 양호 · 대형 주도주 조건 · 기관 동행 · 대형 주도주 눌림,보유/관찰,전기제품,True,100.0,212300.0,206830.0,203573.68,10,2026-04-22
기가비스,420770,43.0,신규후보,돌파,53.6,18.11,12.38,45.44,0.0608,3,중형,수급스윙,1.01,142.6,연기금 10일 순매수 · 기관 동행 · 거래량 동반 돌파,보유/관찰,반도체와반도체장비,True,100.0,89860.0,87950.0,84326.32,11,2026-04-22
에코프로,086520,32.0,관찰,주도돌파,52.9,12.07,20.0,81.74,-0.0262,3,대형,주도대형,1.35,1950.5,대형 주도주 조건 · 기관 동행 · 대형 주도주 돌파,수급훼손,화학,True,100.0,156940.0,151580.0,148678.95,12,2026-04-22
NC,036570,35.0,관찰,과열주의,51.78,27.35,16.0,63.96,-0.0823,2,중형,관찰,1.45,307.3,연기금 10일 순매수 · 대형 주도주 조건 · 기관 동행 · 이격/RSI 과열,익절/추격주의,게임엔터테인먼트,True,100.0,266300.0,254050.0,237447.37,13,2026-04-22
HD현대에너지솔루션,322000,55.0,관찰,과열주의,50.68,9.97,4.0,76.88,-0.0986,1,대형,관찰,0.76,2277.6,대형 주도주 조건 · 기관 동행 · 이격/RSI 과열,수급훼손,태양광;신재생,True,100.0,167720.0,164990.0,160147.37,14,2026-04-22
LS머트리얼즈,417200,54.0,관찰,과열주의,50.67,14.73,8.0,55.17,-0.3592,0,중형,관찰,1.33,597.2,연기금 10일 순매수 · 기관 동행 · 이격/RSI 과열,익절/추격주의,2차전지;소재,True,100.0,22810.0,21861.0,20745.79,15,2026-04-22
심텍,222800,30.0,관찰,과열주의,50.67,32.26,55.41,49.08,1.1835,4,중형,관찰,1.21,593.8,연기금 10일 순매수 · 거래대금 대비 수급 양호 · 기관 동행 · 이격/RSI 과열,익절/추격주의,PCB;반도체,True,100.0,79320.0,73690.0,64413.16,16,2026-04-22
한온시스템,018880,35.0,관찰,관찰,50.01,13.45,55.55,82.97,1.1936,3,중형,관찰,1.98,372.4,연기금 10일 순매수 · 거래대금 대비 수급 양호 · 대형 주도주 조건 · 기관 동행,보유/관찰,자동차부품,True,100.0,4153.0,4059.0,3948.95,17,2026-04-22
코리아써키트,007810,34.0,관찰,과열주의,49.89,27.39,45.69,55.57,0.6542,3,중형,관찰,0.76,373.2,연기금 10일 순매수 · 거래대금 대비 수급 양호 · 기관 동행 · 이격/RSI 과열,익절/추격주의,전자장비와기기,True,100.0,91280.0,87320.0,80763.16,18,2026-04-22
로보티즈,108490,27.0,관찰,관찰,49.41,17.17,51.14,88.48,1.1082,2,중형,관찰,1.42,527.5,연기금 10일 순매수 · 거래대금 대비 수급 양호 · 대형 주도주 조건 · 기관 동행,보유/관찰,휴머노이드;로봇,True,100.0,278700.0,263450.0,256289.47,19,2026-04-22
롯데쇼핑,023530,32.0,관찰,관찰,49.27,23.95,56.24,58.43,1.526,5,중형,관찰,1.34,150.5,연기금 10일 순매수 · 거래대금 대비 수급 양호 · 기관 동행,보유/관찰,백화점과일반상점,True,100.0,119980.0,113500.0,109931.58,20,2026-04-22
고려아연,010130,35.0,관찰,관찰,49.22,13.73,0.0,76.58,-0.5191,2,대형,관찰,0.41,706.2,대형 주도주 조건 · 기관 동행,수급훼손,비철금속,True,100.0,1681200.0,1648500.0,1572421.05,21,2026-04-22
미래에셋증권,006800,26.0,관찰,주도눌림,49.08,7.7,25.43,93.49,0.252,2,대형,주도대형,0.74,1948.6,연기금 10일 순매수 · 대형 주도주 조건 · 대형 주도주 눌림,보유/관찰,증권,True,100.0,69720.0,69020.0,66594.74,22,2026-04-22
이마트,139480,34.0,관찰,관찰,48.39,21.63,52.17,58.01,1.5122,5,중형,관찰,0.92,188.6,연기금 10일 순매수 · 거래대금 대비 수급 양호 · 기관 동행,보유/관찰,백화점과일반상점,True,100.0,102380.0,98870.0,96668.42,23,2026-04-22
한미반도체,042700,28.0,관찰,주도눌림,48.2,5.82,8.0,90.71,-0.4646,2,대형,주도대형,0.74,1816.5,연기금 10일 순매수 · 대형 주도주 조건 · 대형 주도주 눌림,보유/관찰,반도체와반도체장비,True,100.0,290800.0,288150.0,276000.0,24,2026-04-22
엘앤에프,066970,52.0,관찰,주도돌파,71.69,20.05,16.0,84.3,-0.1434,3,대형,주도대형,0.98,2063.5,연기금 10일 순매수 · 대형 주도주 조건 · 기관 동행 · 대형 주도주 돌파,보유/관찰,2차전지;양극재,True,100.0,189900.0,183150.0,174240.0,1,2026-04-23
티엘비,356860,65.0,신규후보,눌림목,71.07,14.46,37.0,56.75,0.2421,5,중형,수급스윙,0.77,280.0,거래대금 대비 수급 양호 · 기관 동행 · 20일선 부근 눌림,수급훼손,PCB;반도체,True,100.0,79720.0,79360.0,74525.0,2,2026-04-23
에코프로머티,450080,52.0,관찰,주도눌림,69.35,15.13,12.0,86.45,-0.0431,1,대형,주도대형,1.42,1523.1,연기금 10일 순매수 · 대형 주도주 조건 · 기관 동행 · 대형 주도주 눌림,보유/관찰,2차전지;전구체,True,100.0,78940.0,75230.0,73480.0,3,2026-04-23
달바글로벌,483650,60.0,관찰,과열주의,69.08,35.0,28.38,40.82,0.1207,3,중형,관찰,1.54,367.9,연기금 10일 순매수 · 기관 동행 · 이격/RSI 과열,익절/추격주의,화장품,True,100.0,207900.0,197000.0,175955.0,4,2026-04-23
성호전자,043260,41.0,관찰,눌림목,64.87,17.5,52.72,88.84,0.5351,4,중형,수급스윙,1.19,759.8,연기금 10일 순매수 · 거래대금 대비 수급 양호 · 대형 주도주 조건 · 기관 동행 · 20일선 부근 눌림,보유/관찰,전기제품,True,100.0,51270.0,50295.0,46655.0,5,2026-04-23
LG이노텍,011070,46.0,관찰,과열주의,63.2,35.0,56.04,54.82,0.4905,4,대형,관찰,1.42,1126.3,연기금 10일 순매수 · 거래대금 대비 수급 양호 · 기관 동행 · 이격/RSI 과열,익절/추격주의,카메라모듈;IT부품,True,100.0,445700.0,410250.0,368525.0,6,2026-04-23
한국콜마,161890,41.0,관찰,관찰,62.65,35.0,47.83,50.75,1.226,4,중형,관찰,0.96,195.0,연기금 10일 순매수 · 거래대금 대비 수급 양호 · 기관 동행,보유/관찰,화장품,True,100.0,87020.0,84320.0,80620.0,7,2026-04-23
삼성생명,032830,37.0,관찰,주도눌림,59.85,13.51,54.31,90.01,0.8386,4,대형,주도대형,0.9,734.5,연기금 10일 순매수 · 거래대금 대비 수급 양호 · 대형 주도주 조건 · 기관 동행 · 대형 주도주 눌림,보유/관찰,생명보험,True,100.0,253200.0,249750.0,236600.0,8,2026-04-23
코웨이,021240,46.0,신규후보,눌림목,59.71,12.67,27.75,64.12,0.1122,3,중형,수급스윙,1.42,244.2,연기금 10일 순매수 · 대형 주도주 조건 · 기관 동행 · 20일선 부근 눌림,보유/관찰,가정용기기와용품,True,100.0,81640.0,81040.0,77370.0,9,2026-04-23
고려아연,010130,45.0,관찰,관찰,57.87,15.24,0.0,86.32,-0.5232,2,대형,관찰,0.47,700.7,대형 주도주 조건 · 기관 동행,수급훼손,비철금속,True,100.0,1677200.0,1663300.0,1577500.0,10,2026-04-23
한미반도체,042700,39.0,관찰,주도눌림,56.72,8.23,12.0,91.28,-0.4491,2,대형,주도대형,0.9,1879.3,연기금 10일 순매수 · 대형 주도주 조건 · 기관 동행 · 대형 주도주 눌림,보유/관찰,반도체와반도체장비,True,100.0,291100.0,288900.0,276875.0,11,2026-04-23
피에스케이,319660,27.0,관찰,눌림목,56.59,18.19,52.31,84.2,1.5612,4,중형,수급스윙,0.85,302.6,연기금 10일 순매수 · 거래대금 대비 수급 양호 · 대형 주도주 조건 · 기관 동행 · 20일선 부근 눌림,보유/관찰,반도체와반도체장비,True,100.0,84900.0,84850.0,82765.0,12,2026-04-23
LG디스플레이,034220,56.0,관찰,관찰,55.19,4.7,16.0,85.71,-0.0995,2,중형,관찰,1.75,805.6,대형 주도주 조건,수급훼손,디스플레이패널,True,100.0,14476.0,13772.0,12539.0,13,2026-04-23
LG에너지솔루션,373220,23.0,관찰,주도돌파,55.19,18.81,50.47,92.86,0.4646,3,대형,주도대형,1.64,2089.0,연기금 10일 순매수 · 거래대금 대비 수급 양호 · 대형 주도주 조건 · 기관 동행 · 대형 주도주 돌파,보유/관찰,전기제품,True,100.0,455200.0,431350.0,418525.0,14,2026-04-23
로보티즈,108490,25.0,관찰,눌림목,54.97,16.86,51.21,88.39,1.1028,2,중형,수급스윙,1.34,530.1,연기금 10일 순매수 · 거래대금 대비 수급 양호 · 대형 주도주 조건 · 기관 동행 · 20일선 부근 눌림,보유/관찰,휴머노이드;로봇,True,100.0,277800.0,265250.0,256825.0,15,2026-04-23
코리아써키트,007810,35.0,관찰,과열주의,54.79,29.28,45.76,72.53,0.6569,3,중형,관찰,0.75,371.7,연기금 10일 순매수 · 거래대금 대비 수급 양호 · 대형 주도주 조건 · 기관 동행 · 이격/RSI 과열,익절/추격주의,전자장비와기기,True,100.0,91220.0,88290.0,81285.0,16,2026-04-23
실리콘투,257720,47.0,관찰,관찰,54.41,12.99,25.63,69.4,0.1374,3,중형,관찰,1.01,315.1,대형 주도주 조건 · 기관 동행,수급훼손,K뷰티;유통,True,100.0,47880.0,46900.0,43137.5,17,2026-04-23
LS머트리얼즈,417200,57.0,관찰,과열주의,54.4,16.94,8.0,55.91,-0.3024,0,중형,관찰,1.81,709.3,연기금 10일 순매수 · 기관 동행 · 이격/RSI 과열,익절/추격주의,2차전지;소재,True,100.0,23470.0,22508.0,21011.0,18,2026-04-23
NC,036570,35.0,관찰,과열주의,53.46,28.15,12.0,70.18,-0.0827,2,중형,관찰,1.17,305.9,연기금 10일 순매수 · 대형 주도주 조건 · 기관 동행 · 이격/RSI 과열,익절/추격주의,게임엔터테인먼트,True,100.0,267200.0,257750.0,239125.0,19,2026-04-23
DL,000210,40.0,관찰,눌림목,53.28,16.48,24.7,50.43,0.3023,3,중형,수급스윙,0.71,107.2,연기금 10일 순매수 · 기관 동행 · 20일선 부근 눌림,보유/관찰,화학,True,100.0,64680.0,64580.0,63605.0,20,2026-04-23
피에스케이홀딩스,031980,33.0,관찰,눌림목,52.52,13.63,36.16,61.19,0.3564,2,중형,수급스윙,0.96,221.7,연기금 10일 순매수 · 거래대금 대비 수급 양호 · 대형 주도주 조건 · 기관 동행 · 20일선 부근 눌림,보유/관찰,반도체와반도체장비,True,100.0,113480.0,112680.0,106025.0,21,2026-04-23
한온시스템,018880,37.0,관찰,관찰,52.51,15.02,55.48,83.01,1.1685,3,중형,관찰,1.97,380.4,연기금 10일 순매수 · 거래대금 대비 수급 양호 · 대형 주도주 조건 · 기관 동행,보유/관찰,자동차부품,True,100.0,4182.0,4088.0,3963.0,22,2026-04-23
삼양식품,003230,37.0,관찰,눌림목,52.49,6.16,11.9,86.23,0.1138,1,중형,수급스윙,0.83,715.4,연기금 10일 순매수 · 대형 주도주 조건 · 20일선 부근 눌림,보유/관찰,식품,True,100.0,1365200.0,1325800.0,1268650.0,23,2026-04-23
태웅,044490,40.0,관찰,관찰,51.61,18.34,22.92,48.9,0.2183,2,중형,관찰,0.87,237.5,연기금 10일 순매수 · 기관 동행,보유/관찰,에너지장비및서비스,True,100.0,49420.0,48635.0,48102.5,24,2026-04-23
달바글로벌,483650,50.0,관찰,과열주의,63.28,35.0,27.96,40.81,0.1136,3,중형,관찰,1.51,390.9,연기금 10일 순매수 · 기관 동행 · 이격/RSI 과열,익절/추격주의,화장품,True,100.0,216540.0,203200.0,180280.0,1,2026-04-24
현대로템,064350,47.0,관찰,주도돌파,60.49,10.04,12.0,85.59,-0.501,1,대형,주도대형,1.35,1841.3,연기금 10일 순매수 · 대형 주도주 조건 · 기관 동행 · 대형 주도주 돌파,보유/관찰,우주항공과국방,True,100.0,229200.0,220550.0,209840.0,2,2026-04-24
SK이노베이션,096770,36.0,관찰,주도눌림,60.28,14.55,38.03,90.85,0.2544,4,대형,주도대형,1.23,680.5,연기금 10일 순매수 · 거래대금 대비 수급 양호 · 대형 주도주 조건 · 기관 동행 · 대형 주도주 눌림,보유/관찰,석유와가스,True,100.0,132480.0,128300.0,123255.0,3,2026-04-24
케이뱅크,279570,45.0,신규후보,눌림목,60.23,15.56,12.0,55.62,-0.2464,3,중형,수급스윙,0.7,201.2,연기금 10일 순매수 · 기관 동행 · 20일선 부근 눌림,보유/관찰,은행,True,100.0,6378.0,6372.0,6209.5,4,2026-04-24
엘앤에프,066970,52.0,관찰,과열주의,58.69,20.16,12.0,83.73,-0.1476,3,대형,관찰,0.87,2004.7,연기금 10일 순매수 · 대형 주도주 조건 · 기관 동행 · 이격/RSI 과열,익절/추격주의,2차전지;양극재,True,100.0,192480.0,184320.0,176400.0,5,2026-04-24
호텔신라,008770,46.0,관찰,과열주의,57.22,33.65,62.93,24.64,1.0024,5,중형,관찰,1.92,230.2,연기금 10일 순매수 · 거래대금 대비 수급 양호 · 기관 동행 · 이격/RSI 과열,익절/추격주의,면세;소비,True,100.0,56380.0,53555.0,49577.5,6,2026-04-24
한화오션,042660,32.0,관찰,주도눌림,57.18,12.97,29.75,94.33,0.1978,3,대형,주도대형,1.04,2487.4,대형 주도주 조건 · 기관 동행 · 대형 주도주 눌림,보유/관찰,조선,True,100.0,132840.0,129610.0,126315.0,7,2026-04-24
제주반도체,080220,59.0,관찰,과열주의,56.46,17.79,34.22,56.98,0.2045,3,대형,관찰,2.88,1250.8,연기금 10일 순매수 · 거래대금 대비 수급 양호 · 기관 동행 · 이격/RSI 과열,익절/추격주의,반도체;팹리스,True,100.0,47300.0,44870.0,41967.5,8,2026-04-24
NC,036570,35.0,관찰,과열주의,54.46,29.37,12.0,70.0,-0.0825,2,중형,관찰,1.18,306.7,연기금 10일 순매수 · 대형 주도주 조건 · 기관 동행 · 이격/RSI 과열,익절/추격주의,게임엔터테인먼트,True,100.0,268800.0,260800.0,241150.0,9,2026-04-24
한온시스템,018880,38.0,관찰,관찰,54.34,16.52,55.62,82.88,1.1591,3,중형,관찰,1.56,383.5,연기금 10일 순매수 · 거래대금 대비 수급 양호 · 대형 주도주 조건 · 기관 동행,보유/관찰,자동차부품,True,100.0,4196.0,4119.5,3977.5,10,2026-04-24
LG이노텍,011070,30.0,관찰,과열주의,53.89,35.0,54.79,54.64,0.4668,4,대형,관찰,1.66,1183.3,연기금 10일 순매수 · 거래대금 대비 수급 양호 · 기관 동행 · 이격/RSI 과열,익절/추격주의,카메라모듈;IT부품,True,100.0,475300.0,426450.0,379600.0,11,2026-04-24
삼양식품,003230,37.0,신규후보,눌림목,53.68,7.64,12.06,85.78,0.1144,1,중형,수급스윙,0.82,711.2,연기금 10일 순매수 · 대형 주도주 조건 · 20일선 부근 눌림,보유/관찰,식품,True,100.0,1353000.0,1333500.0,1275250.0,12,2026-04-24
코리아써키트,007810,36.0,관찰,과열주의,53.67,30.55,45.83,55.17,0.6697,3,중형,관찰,0.85,364.6,연기금 10일 순매수 · 거래대금 대비 수급 양호 · 기관 동행 · 이격/RSI 과열,익절/추격주의,전자장비와기기,True,100.0,92940.0,90070.0,81980.0,13,2026-04-24
삼성생명,032830,25.0,관찰,주도눌림,53.62,13.5,54.31,94.64,0.8397,4,대형,주도대형,0.97,733.5,연기금 10일 순매수 · 거래대금 대비 수급 양호 · 대형 주도주 조건 · 기관 동행 · 대형 주도주 눌림,보유/관찰,생명보험,True,100.0,251400.0,250750.0,237675.0,14,2026-04-24
LS머트리얼즈,417200,53.0,관찰,과열주의,53.41,19.41,8.0,51.06,-0.2743,0,중형,관찰,2.06,782.0,연기금 10일 순매수 · 기관 동행 · 이격/RSI 과열,익절/추격주의,2차전지;소재,True,100.0,24490.0,23230.0,21415.0,15,2026-04-24
이수스페셜티케미컬,457190,46.0,관찰,과열주의,53.16,20.31,21.92,70.12,0.0316,3,중형,관찰,1.84,523.0,연기금 10일 순매수 · 대형 주도주 조건 · 기관 동행 · 이격/RSI 과열,익절/추격주의,전고체;2차전지,True,100.0,122160.0,112320.0,103335.0,16,2026-04-24
LG전자,066570,25.0,관찰,주도눌림,52.71,13.32,55.07,89.93,1.0253,4,대형,주도대형,1.25,932.5,연기금 10일 순매수 · 거래대금 대비 수급 양호 · 대형 주도주 조건 · 기관 동행 · 대형 주도주 눌림,보유/관찰,전자제품,True,100.0,128260.0,124900.0,118065.0,17,2026-04-24
한국콜마,161890,39.0,관찰,과열주의,52.38,35.0,47.97,37.56,1.2683,4,중형,관찰,0.92,188.5,연기금 10일 순매수 · 거래대금 대비 수급 양호 · 기관 동행 · 이격/RSI 과열,익절/추격주의,화장품,True,100.0,87980.0,85590.0,81190.0,18,2026-04-24
DL,000210,48.0,관찰,관찰,52.07,17.84,24.52,50.41,0.2973,3,중형,관찰,0.85,109.0,연기금 10일 순매수 · 기관 동행,보유/관찰,화학,True,100.0,65480.0,64880.0,63905.0,19,2026-04-24
에스피지,058610,45.0,관찰,관찰,51.82,12.25,47.83,64.43,1.2469,2,중형,관찰,1.23,260.9,연기금 10일 순매수 · 거래대금 대비 수급 양호 · 대형 주도주 조건 · 기관 동행,보유/관찰,전기제품,True,100.0,116420.0,113900.0,110605.0,20,2026-04-24
에코프로,086520,35.0,관찰,주도눌림,51.29,4.48,20.0,91.74,-0.0262,3,대형,주도대형,1.48,1947.7,대형 주도주 조건 · 대형 주도주 눌림,수급훼손,화학,True,100.0,159480.0,153430.0,149485.0,21,2026-04-24
테스,095610,48.0,관찰,과열주의,51.25,18.69,54.1,59.55,0.7241,4,중형,관찰,0.98,322.1,거래대금 대비 수급 양호 · 기관 동행 · 이격/RSI 과열,수급훼손,반도체장비;반도체,True,100.0,90300.0,88590.0,76425.0,22,2026-04-24
한미반도체,042700,31.0,관찰,주도돌파,51.07,9.79,12.0,86.07,-0.4544,2,대형,주도대형,0.98,1857.1,연기금 10일 순매수 · 대형 주도주 조건 · 기관 동행 · 대형 주도주 돌파,보유/관찰,반도체와반도체장비,True,100.0,292900.0,289850.0,277875.0,23,2026-04-24
에코프로머티,450080,44.0,관찰,과열주의,51.01,17.01,12.0,81.45,-0.0427,1,대형,관찰,1.47,1537.4,연기금 10일 순매수 · 대형 주도주 조건 · 기관 동행 · 이격/RSI 과열,익절/추격주의,2차전지;전구체,True,100.0,80780.0,76160.0,73955.0,24,2026-04-24
코오롱인더,120110,63.0,관찰,관찰,74.56,27.93,12.0,58.02,-0.4989,1,중형,관찰,1.35,265.2,연기금 10일 순매수 · 기관 동행,보유/관찰,화학소재;산업재,True,100.0,88560.0,88440.0,85505.0,1,2026-04-27
NC,036570,44.0,관찰,관찰,68.54,30.61,12.0,75.02,-0.08,2,중형,관찰,1.15,316.1,연기금 10일 순매수 · 대형 주도주 조건 · 기관 동행,보유/관찰,게임엔터테인먼트,True,100.0,267600.0,263050.0,243125.0,2,2026-04-27
호텔신라,008770,58.0,관찰,과열주의,65.42,35.0,62.66,25.18,0.8306,5,중형,관찰,2.25,277.8,연기금 10일 순매수 · 거래대금 대비 수급 양호 · 기관 동행 · 이격/RSI 과열,익절/추격주의,면세;소비,True,100.0,58900.0,55290.0,50620.0,3,2026-04-27
LIG디펜스앤에어로스페이스,079550,52.0,관찰,주도눌림,65.37,9.41,16.0,91.93,-0.2182,3,대형,주도대형,1.1,4290.4,연기금 10일 순매수 · 대형 주도주 조건 · 기관 동행 · 대형 주도주 눌림,보유/관찰,우주항공과국방,True,100.0,966800.0,934100.0,880350.0,4,2026-04-27
RFHIC,218410,46.0,신규후보,눌림목,64.17,14.56,24.52,81.97,0.1787,3,중형,수급스윙,0.84,608.3,연기금 10일 순매수 · 대형 주도주 조건 · 기관 동행 · 20일선 부근 눌림,보유/관찰,통신장비,True,100.0,99680.0,97820.0,92335.0,5,2026-04-27
실리콘투,257720,59.0,관찰,관찰,59.23,8.58,24.89,79.51,0.1226,3,중형,관찰,1.2,353.3,대형 주도주 조건 · 기관 동행,수급훼손,K뷰티;유통,True,100.0,47820.0,47340.0,44025.0,6,2026-04-27
한화투자증권,003530,38.0,신규후보,돌파,58.37,21.6,54.45,49.8,0.8043,3,중형,수급스윙,1.43,202.9,연기금 10일 순매수 · 거래대금 대비 수급 양호 · 기관 동행 · 거래량 동반 돌파,보유/관찰,증권,True,100.0,7780.0,7651.0,7236.5,7,2026-04-27
엘앤에프,066970,50.0,관찰,과열주의,57.8,21.72,16.0,77.09,-0.1503,3,대형,관찰,0.93,1969.6,연기금 10일 순매수 · 대형 주도주 조건 · 기관 동행 · 이격/RSI 과열,익절/추격주의,2차전지;양극재,True,100.0,196540.0,186550.0,178805.0,8,2026-04-27
LS머트리얼즈,417200,57.0,관찰,과열주의,57.67,21.68,8.0,51.12,-0.2593,0,중형,관찰,2.13,827.4,연기금 10일 순매수 · 기관 동행 · 이격/RSI 과열,익절/추격주의,2차전지;소재,True,100.0,25570.0,23860.0,21832.5,9,2026-04-27
코리아써키트,007810,38.0,관찰,과열주의,57.58,33.73,49.9,55.44,0.6767,3,중형,관찰,0.91,360.8,연기금 10일 순매수 · 거래대금 대비 수급 양호 · 기관 동행 · 이격/RSI 과열,익절/추격주의,전자장비와기기,True,100.0,94460.0,91970.0,83100.0,10,2026-04-27
SK이노베이션,096770,34.0,관찰,주도눌림,57.09,12.09,41.9,91.24,0.2491,4,대형,주도대형,1.32,694.9,연기금 10일 순매수 · 거래대금 대비 수급 양호 · 대형 주도주 조건 · 기관 동행 · 대형 주도주 눌림,보유/관찰,석유와가스,True,100.0,132800.0,129190.0,124105.0,11,2026-04-27
한온시스템,018880,40.0,관찰,관찰,56.73,17.98,55.62,82.77,1.1211,3,중형,관찰,1.59,396.5,연기금 10일 순매수 · 거래대금 대비 수급 양호 · 대형 주도주 조건 · 기관 동행,보유/관찰,자동차부품,True,100.0,4229.0,4156.0,3997.5,12,2026-04-27
태웅,044490,43.0,관찰,관찰,56.41,21.85,27.14,49.34,0.2132,2,중형,관찰,1.06,243.1,연기금 10일 순매수 · 기관 동행,보유/관찰,에너지장비및서비스,True,100.0,51120.0,50385.0,48800.0,13,2026-04-27
현대로템,064350,37.0,관찰,주도돌파,55.82,11.37,12.0,85.59,-0.4819,1,대형,주도대형,1.38,1914.3,연기금 10일 순매수 · 대형 주도주 조건 · 기관 동행 · 대형 주도주 돌파,보유/관찰,우주항공과국방,True,100.0,231700.0,222950.0,212390.0,14,2026-04-27
케이뱅크,279570,35.0,관찰,눌림목,55.75,17.14,12.0,55.52,-0.2438,3,중형,수급스윙,0.77,203.3,연기금 10일 순매수 · 기관 동행 · 20일선 부근 눌림,보유/관찰,은행,True,100.0,6390.0,6367.0,6224.0,15,2026-04-27
씨에스윈드,112610,40.0,관찰,관찰,55.41,18.22,8.0,73.26,-0.2674,1,중형,관찰,0.95,520.5,대형 주도주 조건 · 기관 동행,수급훼손,풍력;신재생,True,100.0,69820.0,67070.0,67010.0,16,2026-04-27
이수스페셜티케미컬,457190,48.0,관찰,과열주의,55.17,22.24,21.96,65.18,0.031,3,중형,관찰,1.75,533.3,연기금 10일 순매수 · 대형 주도주 조건 · 기관 동행 · 이격/RSI 과열,익절/추격주의,전고체;2차전지,True,100.0,124200.0,114900.0,104835.0,17,2026-04-27
효성티앤씨,298020,50.0,관찰,관찰,54.45,16.48,12.0,40.24,-0.1428,2,중형,관찰,1.12,223.0,연기금 10일 순매수 · 기관 동행,보유/관찰,"섬유,의류,신발,호화품",True,100.0,527000.0,514350.0,464500.0,18,2026-04-27
현대글로비스,086280,36.0,관찰,관찰,53.78,15.95,49.97,89.64,0.6861,2,대형,관찰,1.46,390.7,연기금 10일 순매수 · 거래대금 대비 수급 양호 · 대형 주도주 조건 · 기관 동행,보유/관찰,항공화물운송과물류,True,100.0,230200.0,227350.0,220125.0,19,2026-04-27
테스,095610,49.0,관찰,과열주의,53.69,18.65,54.03,71.38,0.7115,4,중형,관찰,0.95,327.8,거래대금 대비 수급 양호 · 대형 주도주 조건 · 기관 동행 · 이격/RSI 과열,수급훼손,반도체장비;반도체,True,100.0,89940.0,89170.0,78020.0,20,2026-04-27
삼성물산,028260,25.0,신규후보,주도눌림,53.35,12.78,56.17,96.82,1.5085,4,대형,주도대형,1.08,1137.7,거래대금 대비 수급 양호 · 대형 주도주 조건 · 기관 동행 · 대형 주도주 눌림,보유/관찰,복합기업,True,100.0,309700.0,305950.0,292875.0,21,2026-04-27
로보티즈,108490,52.0,관찰,과열주의,53.24,17.7,50.1,62.75,0.7286,2,중형,관찰,2.02,802.4,연기금 10일 순매수 · 거래대금 대비 수급 양호 · 대형 주도주 조건 · 기관 동행 · 이격/RSI 과열,익절/추격주의,휴머노이드;로봇,True,100.0,294100.0,281100.0,264025.0,22,2026-04-27
뉴로메카,348340,55.0,관찰,관찰,52.8,8.43,36.98,54.6,0.2361,3,중형,관찰,1.47,239.0,거래대금 대비 수급 양호 · 기관 동행,보유/관찰,기계,True,100.0,67960.0,66910.0,62850.0,23,2026-04-27
알테오젠,196170,34.0,관찰,주도눌림,52.38,7.2,8.0,87.72,-0.3028,1,대형,주도대형,1.08,1016.9,대형 주도주 조건 · 대형 주도주 눌림,수급훼손,생물공학,True,100.0,366800.0,366700.0,363075.0,24,2026-04-27
코오롱인더,120110,65.0,관찰,과열주의,72.62,32.17,12.0,59.86,-0.419,1,중형,관찰,1.62,315.8,연기금 10일 순매수 · 기관 동행 · 이격/RSI 과열,익절/추격주의,화학소재;산업재,True,100.0,91020.0,89340.0,86855.0,1,2026-04-28
호텔신라,008770,50.0,관찰,과열주의,63.76,35.0,62.17,43.84,0.7295,5,중형,관찰,2.39,316.3,연기금 10일 순매수 · 거래대금 대비 수급 양호 · 기관 동행 · 이격/RSI 과열,익절/추격주의,면세;소비,True,100.0,62000.0,57375.0,51890.0,2,2026-04-28
씨에스윈드,112610,51.0,관찰,관찰,63.57,19.38,8.0,78.26,-0.2728,1,중형,관찰,0.97,510.2,대형 주도주 조건 · 기관 동행,수급훼손,풍력;신재생,True,100.0,71600.0,68070.0,67665.0,3,2026-04-28
LS머트리얼즈,417200,62.0,관찰,과열주의,62.79,24.28,8.0,51.17,-0.2517,0,중형,관찰,2.1,852.3,연기금 10일 순매수 · 기관 동행 · 이격/RSI 과열,익절/추격주의,2차전지;소재,True,100.0,26390.0,24355.0,22294.0,4,2026-04-28
NC,036570,33.0,관찰,관찰,62.11,31.49,12.0,70.02,-0.0796,2,중형,관찰,1.09,317.7,연기금 10일 순매수 · 대형 주도주 조건 · 기관 동행,보유/관찰,게임엔터테인먼트,True,100.0,269100.0,264950.0,245300.0,5,2026-04-28
한화솔루션,009830,67.0,관찰,과열주의,60.63,14.55,12.0,71.27,-0.3133,1,대형,관찰,1.61,1842.6,연기금 10일 순매수 · 대형 주도주 조건 · 기관 동행 · 이격/RSI 과열,익절/추격주의,에너지장비및서비스,True,100.0,48660.0,46250.0,42645.0,6,2026-04-28
테스,095610,49.0,관찰,관찰,59.81,17.72,50.1,70.77,0.7025,4,중형,관찰,0.88,332.0,거래대금 대비 수급 양호 · 대형 주도주 조건 · 기관 동행,수급훼손,반도체장비;반도체,True,100.0,89540.0,89450.0,79580.0,7,2026-04-28
한국콜마,161890,36.0,관찰,관찰,59.64,35.0,48.03,50.08,1.2785,4,중형,관찰,1.05,187.0,연기금 10일 순매수 · 거래대금 대비 수급 양호 · 기관 동행,보유/관찰,화장품,True,100.0,89500.0,87490.0,82605.0,8,2026-04-28
LIG디펜스앤에어로스페이스,079550,48.0,관찰,주도눌림,59.33,5.04,16.0,91.93,-0.2192,3,대형,주도대형,1.13,4271.2,연기금 10일 순매수 · 대형 주도주 조건 · 대형 주도주 눌림,보유/관찰,우주항공과국방,True,100.0,971600.0,934000.0,896450.0,9,2026-04-28
한온시스템,018880,32.0,신규후보,돌파,57.61,19.48,55.48,78.07,1.0025,3,중형,수급스윙,1.29,443.4,연기금 10일 순매수 · 거래대금 대비 수급 양호 · 대형 주도주 조건 · 기관 동행 · 거래량 동반 돌파,보유/관찰,자동차부품,True,100.0,4259.0,4194.0,4030.5,10,2026-04-28
티엘비,356860,55.0,관찰,관찰,57.31,14.37,37.18,51.2,0.2387,5,중형,관찰,0.79,284.0,거래대금 대비 수급 양호 · 기관 동행,수급훼손,PCB;반도체,True,100.0,82160.0,81480.0,76890.0,11,2026-04-28
코미코,183300,44.0,신규후보,돌파,56.53,21.16,23.89,43.88,0.2226,4,중형,수급스윙,0.82,183.2,기관 동행 · 거래량 동반 돌파,보유/관찰,반도체와반도체장비,True,100.0,149640.0,149140.0,135335.0,12,2026-04-28
한화투자증권,003530,35.0,관찰,돌파,54.74,18.35,54.52,55.28,0.7563,3,중형,수급스윙,1.59,215.8,연기금 10일 순매수 · 거래대금 대비 수급 양호 · 기관 동행 · 거래량 동반 돌파,보유/관찰,증권,True,100.0,7826.0,7709.0,7313.5,13,2026-04-28
에코프로머티,450080,46.0,관찰,과열주의,54.62,20.04,8.0,80.67,-0.0403,1,대형,관찰,1.01,1629.7,연기금 10일 순매수 · 대형 주도주 조건 · 기관 동행 · 이격/RSI 과열,익절/추격주의,2차전지;전구체,True,100.0,83120.0,79220.0,75600.0,14,2026-04-28
엘앤에프,066970,41.0,관찰,과열주의,54.24,22.5,12.0,83.36,-0.1523,3,대형,관찰,0.76,1943.7,연기금 10일 순매수 · 대형 주도주 조건 · 기관 동행 · 이격/RSI 과열,익절/추격주의,2차전지;양극재,True,100.0,198260.0,189710.0,181860.0,15,2026-04-28
태웅,044490,45.0,관찰,관찰,54.21,17.13,29.84,53.42,0.2478,2,중형,관찰,1.12,209.2,연기금 10일 순매수 · 기관 동행,보유/관찰,에너지장비및서비스,True,100.0,52120.0,51010.0,48957.5,16,2026-04-28
SK이노베이션,096770,34.0,관찰,주도돌파,53.8,11.02,37.32,85.7,0.2401,4,대형,주도대형,1.11,720.8,연기금 10일 순매수 · 거래대금 대비 수급 양호 · 대형 주도주 조건 · 기관 동행 · 대형 주도주 돌파,보유/관찰,석유와가스,True,100.0,132700.0,130330.0,125320.0,17,2026-04-28
코리아써키트,007810,34.0,관찰,과열주의,53.31,27.44,46.03,76.68,0.6984,3,중형,관찰,0.88,349.6,연기금 10일 순매수 · 거래대금 대비 수급 양호 · 대형 주도주 조건 · 기관 동행 · 이격/RSI 과열,익절/추격주의,전자장비와기기,True,100.0,95740.0,92660.0,84400.0,18,2026-04-28
지투지바이오,456160,46.0,관찰,관찰,51.97,19.52,28.84,48.13,0.2333,3,중형,관찰,1.31,195.3,연기금 10일 순매수 · 기관 동행,보유/관찰,바이오;약물전달,True,100.0,79780.0,76860.0,72980.0,19,2026-04-28
심텍,222800,41.0,관찰,과열주의,51.72,23.56,55.83,61.98,1.0975,4,중형,관찰,1.08,640.3,연기금 10일 순매수 · 거래대금 대비 수급 양호 · 대형 주도주 조건 · 기관 동행 · 이격/RSI 과열,익절/추격주의,PCB;반도체,True,100.0,86540.0,81380.0,70740.0,20,2026-04-28
달바글로벌,483650,46.0,관찰,과열주의,51.56,24.02,27.86,40.38,0.1103,3,중형,관찰,1.4,402.7,연기금 10일 순매수 · 기관 동행 · 이격/RSI 과열,익절/추격주의,화장품,True,100.0,230700.0,212920.0,189260.0,21,2026-04-28
이수스페셜티케미컬,457190,39.0,관찰,과열주의,50.9,23.46,18.06,64.62,0.0301,3,중형,관찰,1.2,549.6,연기금 10일 순매수 · 대형 주도주 조건 · 기관 동행 · 이격/RSI 과열,익절/추격주의,전고체;2차전지,True,100.0,123500.0,117570.0,106545.0,22,2026-04-28
파마리서치,214450,28.0,관찰,관찰,50.51,22.42,52.37,63.86,0.4915,3,중형,관찰,1.41,210.1,연기금 10일 순매수 · 거래대금 대비 수급 양호 · 대형 주도주 조건 · 기관 동행,보유/관찰,건강관리장비와용품,True,100.0,318700.0,312300.0,303750.0,23,2026-04-28
에코프로비엠,247540,18.0,관찰,주도눌림,49.08,13.05,50.08,94.06,0.4526,4,대형,주도대형,1.08,1048.9,거래대금 대비 수급 양호 · 대형 주도주 조건 · 기관 동행 · 대형 주도주 눌림,보유/관찰,전기제품,True,100.0,210500.0,209850.0,205210.0,24,2026-04-28
코오롱인더,120110,65.0,관찰,과열주의,74.41,33.32,12.0,64.91,-0.4151,1,중형,관찰,1.67,318.7,연기금 10일 순매수 · 대형 주도주 조건 · 기관 동행 · 이격/RSI 과열,익절/추격주의,화학소재;산업재,True,100.0,93520.0,90470.0,87750.0,1,2026-04-29
한국콜마,161890,46.0,신규후보,돌파,71.23,35.0,47.97,54.99,1.2491,4,중형,수급스윙,1.12,191.4,연기금 10일 순매수 · 거래대금 대비 수급 양호 · 기관 동행 · 거래량 동반 돌파,보유/관찰,화장품,True,100.0,90000.0,88160.0,83150.0,2,2026-04-29
NC,036570,45.0,관찰,관찰,70.74,33.39,12.0,70.39,-0.0732,2,중형,관찰,1.15,345.5,연기금 10일 순매수 · 대형 주도주 조건 · 기관 동행,보유/관찰,게임엔터테인먼트,True,100.0,269600.0,267950.0,247700.0,3,2026-04-29
DL이앤씨,375500,51.0,관찰,관찰,68.63,24.91,12.0,80.46,-0.0578,3,대형,관찰,0.7,1795.5,연기금 10일 순매수 · 대형 주도주 조건 · 기관 동행,보유/관찰,건설;플랜트,True,100.0,99180.0,98670.0,93130.0,4,2026-04-29
에코프로머티,450080,45.0,관찰,주도돌파,68.32,21.53,8.0,80.72,-0.0398,1,대형,주도대형,0.98,1651.5,연기금 10일 순매수 · 대형 주도주 조건 · 기관 동행 · 대형 주도주 돌파,보유/관찰,2차전지;전구체,True,100.0,83300.0,80500.0,76155.0,5,2026-04-29
호텔신라,008770,58.0,관찰,과열주의,64.48,30.37,62.03,43.92,0.7009,5,중형,관찰,2.31,329.2,연기금 10일 순매수 · 거래대금 대비 수급 양호 · 기관 동행 · 이격/RSI 과열,익절/추격주의,면세;소비,True,100.0,64400.0,59160.0,53065.0,6,2026-04-29
아모레퍼시픽,090430,51.0,관찰,눌림목,63.38,10.32,8.0,81.44,-0.9548,0,중형,수급스윙,2.08,377.2,연기금 10일 순매수 · 대형 주도주 조건 · 기관 동행 · 20일선 부근 눌림,보유/관찰,화장품,True,100.0,142900.0,137280.0,133955.0,7,2026-04-29
한화솔루션,009830,52.0,관찰,주도돌파,62.63,9.57,12.0,83.37,-0.2999,1,대형,주도대형,1.69,1925.0,연기금 10일 순매수 · 대형 주도주 조건 · 기관 동행 · 대형 주도주 돌파,보유/관찰,에너지장비및서비스,True,100.0,48740.0,46805.0,43165.0,8,2026-04-29
LS머트리얼즈,417200,60.0,관찰,과열주의,62.03,27.03,8.0,39.11,-0.1959,0,대형,관찰,2.35,1095.3,연기금 10일 순매수 · 기관 동행 · 이격/RSI 과열,익절/추격주의,2차전지;소재,True,100.0,27610.0,25210.0,22819.0,9,2026-04-29
코리아써키트,007810,33.0,관찰,관찰,60.26,28.11,46.17,76.44,0.7202,3,중형,관찰,0.78,339.0,연기금 10일 순매수 · 거래대금 대비 수급 양호 · 대형 주도주 조건 · 기관 동행,보유/관찰,전자장비와기기,True,100.0,95740.0,93510.0,85410.0,10,2026-04-29
삼성전자,005930,34.0,관찰,주도눌림,57.18,11.73,12.0,93.71,-0.3549,2,대형,주도대형,1.04,50011.9,연기금 10일 순매수 · 대형 주도주 조건 · 기관 동행 · 대형 주도주 눌림,보유/관찰,반도체와반도체장비,True,100.0,223300.0,220100.0,209710.0,11,2026-04-29
엘앤에프,066970,42.0,관찰,과열주의,56.84,24.92,12.0,83.1,-0.1554,3,대형,관찰,0.7,1904.4,연기금 10일 순매수 · 대형 주도주 조건 · 기관 동행 · 이격/RSI 과열,익절/추격주의,2차전지;양극재,True,100.0,201120.0,193550.0,184940.0,12,2026-04-29
달바글로벌,483650,53.0,관찰,과열주의,56.2,24.78,23.81,39.96,0.1079,3,중형,관찰,1.14,411.8,연기금 10일 순매수 · 기관 동행 · 이격/RSI 과열,익절/추격주의,화장품,True,100.0,235800.0,217770.0,193555.0,13,2026-04-29
심텍,222800,43.0,관찰,과열주의,54.18,25.07,55.83,62.09,1.0698,4,중형,관찰,0.93,656.9,연기금 10일 순매수 · 거래대금 대비 수급 양호 · 대형 주도주 조건 · 기관 동행 · 이격/RSI 과열,익절/추격주의,PCB;반도체,True,100.0,87080.0,83200.0,72560.0,14,2026-04-29
한온시스템,018880,32.0,관찰,관찰,53.84,20.1,51.41,82.49,0.9947,3,중형,관찰,1.22,446.9,연기금 10일 순매수 · 거래대금 대비 수급 양호 · 대형 주도주 조건 · 기관 동행,보유/관찰,자동차부품,True,100.0,4295.0,4224.0,4051.5,15,2026-04-29
레인보우로보틱스,277810,19.0,관찰,주도돌파,53.33,20.93,64.79,84.51,2.5332,5,대형,주도대형,1.69,794.1,연기금 10일 순매수 · 거래대금 대비 수급 양호 · 대형 주도주 조건 · 기관 동행 · 대형 주도주 돌파,보유/관찰,기계,True,100.0,642600.0,624900.0,599650.0,16,2026-04-29
파마리서치,214450,25.0,신규후보,눌림목,53.22,19.42,52.38,63.84,0.4918,3,중형,수급스윙,1.45,210.0,연기금 10일 순매수 · 거래대금 대비 수급 양호 · 대형 주도주 조건 · 기관 동행 · 20일선 부근 눌림,보유/관찰,건강관리장비와용품,True,100.0,322400.0,314650.0,304200.0,17,2026-04-29
이수스페셜티케미컬,457190,39.0,관찰,과열주의,52.58,25.41,18.03,64.77,0.0295,3,중형,관찰,0.98,561.1,연기금 10일 순매수 · 대형 주도주 조건 · 기관 동행 · 이격/RSI 과열,익절/추격주의,전고체;2차전지,True,100.0,122660.0,119670.0,108085.0,18,2026-04-29
현대글로비스,086280,29.0,관찰,관찰,52.55,19.24,49.62,89.85,0.6313,2,대형,관찰,1.7,424.6,연기금 10일 순매수 · 거래대금 대비 수급 양호 · 대형 주도주 조건 · 기관 동행,보유/관찰,항공화물운송과물류,True,100.0,231000.0,230650.0,222450.0,19,2026-04-29
한화투자증권,003530,37.0,관찰,관찰,52.13,19.83,54.45,55.12,0.7552,3,중형,관찰,1.6,216.1,연기금 10일 순매수 · 거래대금 대비 수급 양호 · 기관 동행,보유/관찰,증권,True,100.0,7844.0,7741.0,7351.5,20,2026-04-29
효성티앤씨,298020,40.0,관찰,관찰,52.07,19.54,12.0,45.4,-0.137,2,중형,관찰,1.13,232.5,연기금 10일 순매수 · 기관 동행,보유/관찰,"섬유,의류,신발,호화품",True,100.0,529000.0,521550.0,478950.0,21,2026-04-29
교보증권,030610,35.0,관찰,관찰,51.73,35.0,25.14,41.75,0.5208,2,중형,관찰,1.4,16.2,연기금 10일 순매수 · 기관 동행,보유/관찰,증권,True,100.0,14044.0,13762.0,13061.0,22,2026-04-29
DL,000210,52.0,관찰,과열주의,51.65,24.91,31.25,39.47,0.2746,3,중형,관찰,1.29,118.0,연기금 10일 순매수 · 거래대금 대비 수급 양호 · 기관 동행 · 이격/RSI 과열,익절/추격주의,화학,True,100.0,69860.0,67000.0,65350.0,23,2026-04-29
CJ제일제당,097950,50.0,관찰,관찰,50.62,8.92,4.0,56.47,-0.4788,1,중형,관찰,0.77,201.6,연기금 10일 순매수 · 기관 동행,보유/관찰,식품,True,100.0,236800.0,236650.0,234650.0,24,2026-04-29
코오롱인더,120110,71.0,관찰,관찰,87.63,34.31,12.0,76.8,-0.4052,1,중형,관찰,1.67,326.5,연기금 10일 순매수 · 대형 주도주 조건 · 기관 동행,보유/관찰,화학소재;산업재,True,100.0,94480.0,91130.0,88490.0,1,2026-04-30
NC,036570,46.0,관찰,관찰,73.47,35.0,12.0,75.23,-0.0739,2,중형,관찰,1.14,342.0,연기금 10일 순매수 · 대형 주도주 조건 · 기관 동행,보유/관찰,게임엔터테인먼트,True,100.0,269500.0,268350.0,250575.0,2,2026-04-30
에코프로머티,450080,46.0,관찰,주도눌림,72.78,23.41,8.0,85.62,-0.0425,1,대형,주도대형,0.99,1546.3,연기금 10일 순매수 · 대형 주도주 조건 · 기관 동행 · 대형 주도주 눌림,보유/관찰,2차전지;전구체,True,100.0,83780.0,81360.0,76635.0,3,2026-04-30
한국콜마,161890,47.0,신규후보,돌파,71.83,35.0,47.97,55.15,1.2223,4,중형,수급스윙,1.2,195.6,연기금 10일 순매수 · 거래대금 대비 수급 양호 · 기관 동행 · 거래량 동반 돌파,보유/관찰,화장품,True,100.0,90140.0,88580.0,83780.0,4,2026-04-30
엘앤에프,066970,38.0,관찰,주도눌림,70.05,25.23,12.0,87.89,-0.1699,3,대형,주도대형,0.77,1742.4,연기금 10일 순매수 · 대형 주도주 조건 · 기관 동행 · 대형 주도주 눌림,보유/관찰,2차전지;양극재,True,100.0,202320.0,196110.0,186615.0,5,2026-04-30
호텔신라,008770,60.0,관찰,과열주의,69.19,32.02,61.79,57.36,0.6563,5,중형,관찰,2.32,351.6,연기금 10일 순매수 · 거래대금 대비 수급 양호 · 기관 동행 · 이격/RSI 과열,익절/추격주의,면세;소비,True,100.0,66160.0,60330.0,54195.0,6,2026-04-30
DL이앤씨,375500,44.0,관찰,주도눌림,68.94,20.3,12.0,85.41,-0.0581,3,대형,주도대형,0.7,1788.3,연기금 10일 순매수 · 대형 주도주 조건 · 기관 동행 · 대형 주도주 눌림,보유/관찰,건설;플랜트,True,100.0,99460.0,98670.0,94675.0,7,2026-04-30
지투지바이오,456160,68.0,관찰,과열주의,66.51,27.13,35.55,37.56,0.2144,3,중형,관찰,1.47,212.5,연기금 10일 순매수 · 거래대금 대비 수급 양호 · 기관 동행 · 이격/RSI 과열,익절/추격주의,바이오;약물전달,True,100.0,82540.0,79470.0,74325.0,8,2026-04-30
한온시스템,018880,34.0,신규후보,눌림목,64.08,21.59,51.41,87.54,0.9584,3,중형,수급스윙,1.19,463.8,연기금 10일 순매수 · 거래대금 대비 수급 양호 · 대형 주도주 조건 · 기관 동행 · 20일선 부근 눌림,보유/관찰,자동차부품,True,100.0,4295.0,4238.5,4075.0,9,2026-04-30
이수스페셜티케미컬,457190,40.0,관찰,관찰,62.19,26.6,14.03,71.1,0.0295,3,중형,관찰,0.84,560.1,연기금 10일 순매수 · 대형 주도주 조건 · 기관 동행,보유/관찰,전고체;2차전지,True,100.0,122860.0,121500.0,109605.0,10,2026-04-30
달바글로벌,483650,55.0,관찰,과열주의,61.49,25.44,19.59,62.3,0.1049,3,중형,관찰,0.9,423.5,연기금 10일 순매수 · 대형 주도주 조건 · 기관 동행 · 이격/RSI 과열,익절/추격주의,화장품,True,100.0,235100.0,221500.0,197495.0,11,2026-04-30
선익시스템,171090,61.0,관찰,눌림목,61.45,7.2,0.0,49.67,-0.5343,0,중형,수급스윙,0.77,241.8,20일선 부근 눌림,수급훼손,OLED;디스플레이,True,100.0,109000.0,108040.0,97365.0,12,2026-04-30
효성티앤씨,298020,50.0,관찰,관찰,60.68,20.96,12.0,55.4,-0.1358,2,중형,관찰,1.1,234.5,연기금 10일 순매수 · 기관 동행,보유/관찰,"섬유,의류,신발,호화품",True,100.0,526600.0,523350.0,486525.0,13,2026-04-30
크래프톤,259960,45.0,관찰,관찰,60.65,18.68,30.59,85.43,0.0904,4,대형,관찰,1.57,340.4,연기금 10일 순매수 · 거래대금 대비 수급 양호 · 대형 주도주 조건 · 기관 동행,보유/관찰,게임엔터테인먼트,True,100.0,275300.0,268850.0,254400.0,14,2026-04-30
LG에너지솔루션,373220,31.0,신규후보,주도눌림,59.76,16.19,47.15,96.97,0.4698,3,대형,주도대형,0.94,2065.8,연기금 10일 순매수 · 거래대금 대비 수급 양호 · 대형 주도주 조건 · 기관 동행 · 대형 주도주 눌림,보유/관찰,전기제품,True,100.0,470100.0,462650.0,435525.0,15,2026-04-30
HJ중공업,097230,55.0,관찰,눌림목,59.46,3.5,0.0,78.68,-0.1379,0,중형,수급스윙,0.84,776.2,대형 주도주 조건 · 20일선 부근 눌림,보유/관찰,조선;방산,True,100.0,30560.0,30015.0,27857.5,16,2026-04-30
HD건설기계,267270,48.0,관찰,관찰,59.42,16.13,12.0,80.44,-0.3632,1,중형,관찰,1.32,770.1,연기금 10일 순매수 · 대형 주도주 조건 · 기관 동행,보유/관찰,기계,True,100.0,193340.0,183630.0,170320.0,17,2026-04-30
한화비전,489790,49.0,관찰,돌파,59.33,9.98,16.0,77.69,-0.2173,2,중형,수급스윙,1.91,616.9,연기금 10일 순매수 · 대형 주도주 조건 · 기관 동행 · 거래량 동반 돌파,보유/관찰,통신장비,True,100.0,85000.0,83690.0,79310.0,18,2026-04-30
심텍,222800,47.0,관찰,과열주의,58.78,26.0,51.76,71.4,1.0617,4,중형,관찰,0.85,661.9,연기금 10일 순매수 · 거래대금 대비 수급 양호 · 대형 주도주 조건 · 기관 동행 · 이격/RSI 과열,익절/추격주의,PCB;반도체,True,100.0,87540.0,84290.0,74462.5,19,2026-04-30
코리아써키트,007810,29.0,관찰,관찰,57.13,26.26,46.45,81.16,0.7352,3,중형,관찰,0.69,332.1,연기금 10일 순매수 · 거래대금 대비 수급 양호 · 대형 주도주 조건 · 기관 동행,보유/관찰,전자장비와기기,True,100.0,96040.0,93630.0,86470.0,20,2026-04-30
레인보우로보틱스,277810,21.0,관찰,주도돌파,55.78,22.45,64.79,84.46,2.517,5,대형,주도대형,1.81,799.2,연기금 10일 순매수 · 거래대금 대비 수급 양호 · 대형 주도주 조건 · 기관 동행 · 대형 주도주 돌파,보유/관찰,기계,True,100.0,655400.0,629700.0,605700.0,21,2026-04-30
레이크머티리얼즈,281740,51.0,관찰,눌림목,55.6,6.19,16.0,54.72,-0.0031,3,중형,수급스윙,1.02,289.2,20일선 부근 눌림,수급훼손,반도체소재;2차전지소재,True,100.0,24030.0,23930.0,22063.5,22,2026-04-30
한화솔루션,009830,61.0,관찰,과열주의,54.27,11.07,12.0,71.74,-0.2668,1,대형,관찰,1.94,2164.2,연기금 10일 순매수 · 대형 주도주 조건 · 기관 동행 · 이격/RSI 과열,익절/추격주의,에너지장비및서비스,True,100.0,49520.0,47445.0,43920.0,23,2026-04-30
티엘비,356860,51.0,관찰,관찰,53.7,12.9,37.26,51.0,0.2404,5,중형,관찰,0.76,281.9,거래대금 대비 수급 양호 · 기관 동행,수급훼손,PCB;반도체,True,100.0,84480.0,82100.0,78595.0,24,2026-04-30
호텔신라,008770,62.0,관찰,과열주의,73.43,33.77,61.9,67.27,0.6327,5,중형,관찰,1.71,364.7,연기금 10일 순매수 · 거래대금 대비 수급 양호 · 대형 주도주 조건 · 기관 동행 · 이격/RSI 과열,익절/추격주의,면세;소비,True,100.0,66660.0,61520.0,55280.0,1,2026-05-04
에코프로머티,450080,47.0,관찰,주도돌파,72.62,25.27,8.0,80.51,-0.0419,1,대형,주도대형,0.94,1569.8,연기금 10일 순매수 · 대형 주도주 조건 · 기관 동행 · 대형 주도주 돌파,보유/관찰,2차전지;전구체,True,100.0,84160.0,82470.0,77450.0,2,2026-05-04
코오롱인더,120110,49.0,신규후보,눌림목,68.41,18.47,12.0,76.8,-0.396,1,중형,수급스윙,1.73,334.1,연기금 10일 순매수 · 대형 주도주 조건 · 기관 동행 · 20일선 부근 눌림,보유/관찰,화학소재;산업재,True,100.0,95760.0,91870.0,89110.0,3,2026-05-04
한국콜마,161890,47.0,관찰,관찰,67.65,35.0,47.97,60.25,1.2056,4,중형,관찰,1.07,198.3,연기금 10일 순매수 · 거래대금 대비 수급 양호 · 대형 주도주 조건 · 기관 동행,보유/관찰,화장품,True,100.0,89560.0,88770.0,84410.0,4,2026-05-04
지투지바이오,456160,59.0,관찰,과열주의,64.41,29.5,35.07,44.49,0.2076,3,중형,관찰,1.45,219.4,연기금 10일 순매수 · 거래대금 대비 수급 양호 · 기관 동행 · 이격/RSI 과열,익절/추격주의,바이오;약물전달,True,100.0,83300.0,80830.0,75245.0,5,2026-05-04
달바글로벌,483650,51.0,관찰,관찰,64.31,20.97,19.47,74.39,0.1026,3,중형,관찰,0.68,432.7,연기금 10일 순매수 · 대형 주도주 조건 · 기관 동행,보유/관찰,화장품,True,100.0,231600.0,224070.0,201295.0,6,2026-05-04
이수스페셜티케미컬,457190,40.0,관찰,관찰,63.48,28.13,14.0,71.04,0.0289,3,중형,관찰,0.77,572.3,연기금 10일 순매수 · 대형 주도주 조건 · 기관 동행,보유/관찰,전고체;2차전지,True,100.0,123260.0,122710.0,111165.0,7,2026-05-04
한화투자증권,003530,48.0,신규후보,돌파,63.18,20.15,53.34,51.32,0.5599,3,중형,수급스윙,2.16,291.5,연기금 10일 순매수 · 거래대금 대비 수급 양호 · 기관 동행 · 거래량 동반 돌파,보유/관찰,증권,True,100.0,7902.0,7801.0,7475.0,8,2026-05-04
LG에너지솔루션,373220,33.0,관찰,주도눌림,62.17,17.68,46.73,96.91,0.4588,3,대형,주도대형,0.92,2115.5,연기금 10일 순매수 · 거래대금 대비 수급 양호 · 대형 주도주 조건 · 기관 동행 · 대형 주도주 눌림,보유/관찰,전기제품,True,100.0,468300.0,468050.0,439200.0,9,2026-05-04
한온시스템,018880,55.0,관찰,과열주의,61.8,23.85,53.62,72.69,0.5928,3,중형,관찰,2.22,749.8,연기금 10일 순매수 · 거래대금 대비 수급 양호 · 대형 주도주 조건 · 기관 동행 · 이격/RSI 과열,익절/추격주의,자동차부품,True,100.0,4419.0,4307.5,4128.5,10,2026-05-04
DL,000210,37.0,관찰,눌림목,60.63,27.09,27.35,50.87,0.2739,3,중형,수급스윙,1.24,118.3,연기금 10일 순매수 · 기관 동행 · 20일선 부근 눌림,보유/관찰,화학,True,100.0,70680.0,68080.0,66475.0,11,2026-05-04
심텍,222800,47.0,관찰,과열주의,60.29,27.81,51.76,71.19,1.0387,4,중형,관찰,0.78,676.6,연기금 10일 순매수 · 거래대금 대비 수급 양호 · 대형 주도주 조건 · 기관 동행 · 이격/RSI 과열,익절/추격주의,PCB;반도체,True,100.0,87400.0,85490.0,76395.0,12,2026-05-04
파마리서치,214450,38.0,관찰,돌파,58.85,20.42,48.55,59.08,0.422,3,중형,수급스윙,1.6,244.7,연기금 10일 순매수 · 거래대금 대비 수급 양호 · 기관 동행 · 거래량 동반 돌파,보유/관찰,건강관리장비와용품,True,100.0,326300.0,317650.0,307675.0,13,2026-05-04
ISC,095340,58.0,관찰,관찰,58.61,8.79,0.0,78.14,-0.2607,2,대형,관찰,0.56,1042.2,대형 주도주 조건 · 기관 동행,수급훼손,반도체소켓;반도체,True,100.0,242400.0,238350.0,238150.0,14,2026-05-04
삼성E&A,028050,40.0,관찰,주도눌림,56.67,7.92,8.0,88.99,-0.3174,2,대형,주도대형,0.81,2331.3,연기금 10일 순매수 · 대형 주도주 조건 · 대형 주도주 눌림,보유/관찰,건설,True,100.0,54600.0,52740.0,51377.5,15,2026-05-04
현대바이오,048410,46.0,관찰,눌림목,55.88,6.41,27.46,73.42,0.1603,3,중형,수급스윙,1.08,309.1,대형 주도주 조건 · 20일선 부근 눌림,수급훼손,화장품,True,100.0,14460.0,14350.0,14034.5,16,2026-05-04
HD건설기계,267270,39.0,관찰,관찰,55.34,17.48,12.0,80.39,-0.3611,1,중형,관찰,1.3,774.5,연기금 10일 순매수 · 대형 주도주 조건 · 기관 동행,보유/관찰,기계,True,100.0,192620.0,186450.0,172570.0,17,2026-05-04
코리아써키트,007810,29.0,관찰,관찰,55.1,24.18,36.66,79.55,0.7467,3,중형,관찰,0.63,327.0,연기금 10일 순매수 · 거래대금 대비 수급 양호 · 대형 주도주 조건 · 기관 동행,보유/관찰,전자장비와기기,True,100.0,94740.0,93840.0,87640.0,18,2026-05-04
해성디에스,195870,48.0,관찰,과열주의,54.58,27.98,49.44,30.99,0.4357,3,중형,관찰,1.42,217.9,연기금 10일 순매수 · 거래대금 대비 수급 양호 · 기관 동행 · 이격/RSI 과열,익절/추격주의,리드프레임;반도체,True,100.0,78320.0,74470.0,65155.0,19,2026-05-04
현대차,005380,25.0,신규후보,주도눌림,54.49,13.54,58.59,99.9,0.7298,4,대형,주도대형,1.34,5284.8,연기금 10일 순매수 · 거래대금 대비 수급 양호 · 대형 주도주 조건 · 기관 동행 · 대형 주도주 눌림,보유/관찰,자동차,True,100.0,541000.0,536400.0,517150.0,20,2026-05-04
NC,036570,35.0,관찰,눌림목,54.48,11.0,12.0,80.18,-0.0713,2,중형,수급스윙,1.15,354.6,연기금 10일 순매수 · 대형 주도주 조건 · 기관 동행 · 20일선 부근 눌림,보유/관찰,게임엔터테인먼트,True,100.0,268900.0,268850.0,253375.0,21,2026-05-04
LS머트리얼즈,417200,56.0,관찰,과열주의,54.12,18.01,8.0,52.06,-0.181,0,대형,관찰,1.87,1185.3,연기금 10일 순매수 · 기관 동행 · 이격/RSI 과열,익절/추격주의,2차전지;소재,True,100.0,29040.0,26765.0,23801.0,22,2026-05-04
유진테크,084370,30.0,관찰,눌림목,53.23,15.49,63.83,66.67,1.0527,5,중형,수급스윙,1.57,256.2,거래대금 대비 수급 양호 · 대형 주도주 조건 · 기관 동행 · 20일선 부근 눌림,보유/관찰,반도체와반도체장비,True,100.0,136000.0,134160.0,130720.0,23,2026-05-04
이마트,139480,32.0,관찰,관찰,52.68,28.22,52.38,57.05,1.5317,5,중형,관찰,1.11,186.2,연기금 10일 순매수 · 거래대금 대비 수급 양호 · 기관 동행,보유/관찰,백화점과일반상점,True,100.0,106720.0,104910.0,100405.0,24,2026-05-04
지투지바이오,456160,65.0,신규후보,눌림목,78.73,23.9,34.47,54.46,0.197,3,중형,수급스윙,1.48,231.3,연기금 10일 순매수 · 거래대금 대비 수급 양호 · 기관 동행 · 20일선 부근 눌림,보유/관찰,바이오;약물전달,True,100.0,82500.0,80940.0,75860.0,1,2026-05-06
달바글로벌,483650,63.0,신규후보,돌파,78.45,22.63,19.4,79.22,0.0997,3,중형,수급스윙,0.66,445.6,연기금 10일 순매수 · 대형 주도주 조건 · 기관 동행 · 거래량 동반 돌파,보유/관찰,화장품,True,100.0,228200.0,225770.0,204585.0,2,2026-05-06
심텍,222800,61.0,관찰,과열주의,68.69,30.88,55.9,56.62,0.995,4,중형,관찰,0.91,706.3,연기금 10일 순매수 · 거래대금 대비 수급 양호 · 기관 동행 · 이격/RSI 과열,익절/추격주의,PCB;반도체,True,100.0,88960.0,87040.0,78360.0,3,2026-05-06
호텔신라,008770,50.0,관찰,과열주의,65.44,31.23,62.1,74.35,0.5995,5,중형,관찰,1.31,384.9,연기금 10일 순매수 · 거래대금 대비 수급 양호 · 대형 주도주 조건 · 기관 동행 · 이격/RSI 과열,익절/추격주의,면세;소비,True,100.0,66260.0,62580.0,56277.5,4,2026-05-06
이마트,139480,34.0,관찰,눌림목,63.19,30.05,52.52,62.07,1.4885,5,중형,수급스윙,1.11,191.6,연기금 10일 순매수 · 거래대금 대비 수급 양호 · 대형 주도주 조건 · 기관 동행 · 20일선 부근 눌림,보유/관찰,백화점과일반상점,True,100.0,106160.0,104990.0,101015.0,5,2026-05-06
HD건설기계,267270,48.0,관찰,관찰,62.15,18.48,12.0,85.02,-0.3567,1,중형,관찰,1.28,784.2,연기금 10일 순매수 · 대형 주도주 조건 · 기관 동행,보유/관찰,기계,True,100.0,190540.0,188730.0,174505.0,6,2026-05-06
코오롱인더,120110,48.0,관찰,관찰,61.73,19.49,12.0,77.01,-0.3721,1,중형,관찰,1.76,355.6,연기금 10일 순매수 · 대형 주도주 조건 · 기관 동행,보유/관찰,화학소재;산업재,True,100.0,96880.0,92720.0,89740.0,7,2026-05-06
CJ,001040,45.0,관찰,관찰,59.42,20.95,51.84,65.73,0.4036,5,중형,관찰,1.02,230.9,연기금 10일 순매수 · 거래대금 대비 수급 양호 · 대형 주도주 조건 · 기관 동행,보유/관찰,복합기업,True,100.0,222800.0,218700.0,210795.0,8,2026-05-06
에코프로머티,450080,46.0,관찰,주도눌림,59.32,7.71,4.0,84.94,-0.041,1,대형,주도대형,0.8,1601.9,연기금 10일 순매수 · 대형 주도주 조건 · 대형 주도주 눌림,보유/관찰,2차전지;전구체,True,100.0,83520.0,83080.0,78165.0,9,2026-05-06
유진테크,084370,37.0,관찰,눌림목,58.68,17.11,63.69,66.75,0.9656,5,중형,수급스윙,1.69,279.3,거래대금 대비 수급 양호 · 대형 주도주 조건 · 기관 동행 · 20일선 부근 눌림,보유/관찰,반도체와반도체장비,True,100.0,136540.0,135100.0,131735.0,10,2026-05-06
한온시스템,018880,55.0,관찰,과열주의,58.51,24.15,47.47,50.54,0.399,3,대형,관찰,2.75,1114.2,연기금 10일 순매수 · 거래대금 대비 수급 양호 · 기관 동행 · 이격/RSI 과열,익절/추격주의,자동차부품,True,100.0,4649.0,4439.0,4211.25,11,2026-05-06
한화투자증권,003530,57.0,관찰,과열주의,57.79,21.38,44.45,53.51,0.351,3,중형,관찰,2.59,465.0,연기금 10일 순매수 · 거래대금 대비 수급 양호 · 기관 동행 · 이격/RSI 과열,익절/추격주의,증권,True,100.0,8178.0,7979.0,7612.0,12,2026-05-06
해성디에스,195870,49.0,관찰,과열주의,57.67,29.08,48.57,40.84,0.4156,3,중형,관찰,1.28,228.4,연기금 10일 순매수 · 거래대금 대비 수급 양호 · 기관 동행 · 이격/RSI 과열,익절/추격주의,리드프레임;반도체,True,100.0,77840.0,76140.0,66440.0,13,2026-05-06
현대차,005380,27.0,신규후보,주도눌림,56.91,15.03,58.59,99.85,0.6863,4,대형,주도대형,1.42,5620.0,연기금 10일 순매수 · 거래대금 대비 수급 양호 · 대형 주도주 조건 · 기관 동행 · 대형 주도주 눌림,보유/관찰,자동차,True,100.0,546200.0,538700.0,521200.0,14,2026-05-06
LS머트리얼즈,417200,57.0,관찰,과열주의,56.4,20.0,8.0,52.11,-0.1721,0,대형,관찰,1.85,1246.3,연기금 10일 순매수 · 기관 동행 · 이격/RSI 과열,익절/추격주의,2차전지;소재,True,100.0,29740.0,27655.0,24331.0,15,2026-05-06
ISC,095340,55.0,관찰,관찰,55.63,7.4,0.0,77.77,-0.2763,2,중형,관찰,0.63,983.5,대형 주도주 조건,수급훼손,반도체소켓;반도체,True,100.0,245500.0,240950.0,238950.0,16,2026-05-06
유안타증권,003470,50.0,관찰,과열주의,55.38,29.94,56.38,18.32,1.3913,3,중형,관찰,3.65,226.5,연기금 10일 순매수 · 거래대금 대비 수급 양호 · 기관 동행 · 이격/RSI 과열,익절/추격주의,증권,True,100.0,6020.0,5590.0,5234.0,17,2026-05-06
에이피알,278470,38.0,관찰,주도눌림,55.16,7.49,16.0,89.09,-0.0839,3,대형,주도대형,1.06,1310.7,대형 주도주 조건 · 대형 주도주 눌림,수급훼손,화장품,True,100.0,437000.0,436400.0,411150.0,18,2026-05-06
한화비전,489790,44.0,관찰,관찰,54.51,13.64,16.0,77.48,-0.1979,2,중형,관찰,1.48,677.3,연기금 10일 순매수 · 대형 주도주 조건 · 기관 동행,보유/관찰,통신장비,True,100.0,86560.0,85110.0,81050.0,19,2026-05-06
필옵틱스,161580,62.0,관찰,과열주의,54.41,14.79,41.94,49.21,0.3753,2,중형,관찰,2.21,326.0,연기금 10일 순매수 · 거래대금 대비 수급 양호 · 기관 동행 · 이격/RSI 과열,익절/추격주의,전자장비와기기,True,100.0,51650.0,50715.0,45952.5,20,2026-05-06
제주반도체,080220,54.0,관찰,과열주의,53.32,17.57,25.04,56.64,0.1229,3,대형,관찰,1.01,2081.0,연기금 10일 순매수 · 기관 동행 · 이격/RSI 과열,익절/추격주의,반도체;팹리스,True,100.0,55220.0,52800.0,47320.0,21,2026-05-06
지아이이노베이션,358570,46.0,관찰,눌림목,53.21,13.33,8.0,44.97,-0.0868,3,소형,수급스윙,1.13,101.9,연기금 10일 순매수 · 기관 동행 · 20일선 부근 눌림,보유/관찰,생물공학,True,100.0,16020.0,15748.0,14824.5,22,2026-05-06
SK이노베이션,096770,24.0,관찰,주도돌파,52.67,17.23,35.36,81.88,0.1582,4,대형,주도대형,2.01,1093.9,연기금 10일 순매수 · 거래대금 대비 수급 양호 · 대형 주도주 조건 · 기관 동행 · 대형 주도주 돌파,보유/관찰,석유와가스,True,100.0,144280.0,138540.0,131170.0,23,2026-05-06
LG생활건강,051900,30.0,관찰,눌림목,51.23,18.62,52.72,62.5,1.689,4,중형,수급스윙,2.03,165.2,연기금 10일 순매수 · 거래대금 대비 수급 양호 · 대형 주도주 조건 · 기관 동행 · 20일선 부근 눌림,보유/관찰,화장품,True,100.0,262100.0,256500.0,252725.0,24,2026-05-06
지투지바이오,456160,67.0,신규후보,눌림목,81.35,25.65,34.26,54.27,0.1927,3,중형,수급스윙,1.49,236.4,연기금 10일 순매수 · 거래대금 대비 수급 양호 · 기관 동행 · 20일선 부근 눌림,보유/관찰,바이오;약물전달,True,100.0,82440.0,81110.0,76480.0,1,2026-05-07
이마트,139480,45.0,신규후보,돌파,75.05,33.88,60.52,63.42,1.4112,5,중형,수급스윙,1.25,202.1,연기금 10일 순매수 · 거래대금 대비 수급 양호 · 대형 주도주 조건 · 기관 동행 · 거래량 동반 돌파,보유/관찰,백화점과일반상점,True,100.0,106480.0,105660.0,101825.0,2,2026-05-07
두산로보틱스,454910,55.0,관찰,눌림목,71.96,16.32,49.0,88.67,2.6172,1,중형,수급스윙,2.89,666.0,연기금 10일 순매수 · 거래대금 대비 수급 양호 · 대형 주도주 조건 · 기관 동행 · 20일선 부근 눌림,보유/관찰,기계,True,100.0,104800.0,100450.0,95985.0,3,2026-05-07
SK이노베이션,096770,46.0,관찰,주도눌림,69.63,18.54,35.16,91.85,0.1542,4,대형,주도대형,2.04,1122.2,연기금 10일 순매수 · 거래대금 대비 수급 양호 · 대형 주도주 조건 · 기관 동행 · 대형 주도주 눌림,보유/관찰,석유와가스,True,100.0,145240.0,138970.0,131970.0,4,2026-05-07
심텍,222800,58.0,관찰,과열주의,67.29,32.75,55.62,48.85,0.8992,4,중형,관찰,1.18,781.5,연기금 10일 순매수 · 거래대금 대비 수급 양호 · 기관 동행 · 이격/RSI 과열,익절/추격주의,PCB;반도체,True,100.0,92960.0,89750.0,80790.0,5,2026-05-07
해성디에스,195870,65.0,관찰,과열주의,67.26,31.28,46.38,31.1,0.3773,3,중형,관찰,1.35,251.6,연기금 10일 순매수 · 거래대금 대비 수급 양호 · 기관 동행 · 이격/RSI 과열,익절/추격주의,리드프레임;반도체,True,100.0,79780.0,78190.0,68140.0,6,2026-05-07
한화솔루션,009830,55.0,관찰,주도눌림,65.93,8.71,12.0,88.27,-0.2773,1,대형,주도대형,1.29,2082.1,연기금 10일 순매수 · 대형 주도주 조건 · 기관 동행 · 대형 주도주 눌림,보유/관찰,에너지장비및서비스,True,100.0,48810.0,48735.0,45472.5,7,2026-05-07
호텔신라,008770,50.0,관찰,과열주의,63.7,30.61,58.17,66.74,0.584,5,중형,관찰,1.03,395.1,연기금 10일 순매수 · 거래대금 대비 수급 양호 · 대형 주도주 조건 · 기관 동행 · 이격/RSI 과열,익절/추격주의,면세;소비,True,100.0,65520.0,63760.0,57255.0,8,2026-05-07
코오롱인더,120110,38.0,관찰,눌림목,63.56,20.34,8.0,76.44,-0.3638,1,중형,수급스윙,1.24,363.7,연기금 10일 순매수 · 대형 주도주 조건 · 기관 동행 · 20일선 부근 눌림,보유/관찰,화학소재;산업재,True,100.0,95860.0,93440.0,90615.0,9,2026-05-07
카카오페이,377300,35.0,관찰,눌림목,63.35,23.78,53.17,67.75,0.4247,4,중형,수급스윙,2.18,265.3,연기금 10일 순매수 · 거래대금 대비 수급 양호 · 대형 주도주 조건 · 기관 동행 · 20일선 부근 눌림,보유/관찰,IT서비스,True,100.0,57880.0,56780.0,55535.0,10,2026-05-07
유안타증권,003470,57.0,관찰,과열주의,62.98,31.44,56.17,32.5,1.1484,3,중형,관찰,3.63,274.4,연기금 10일 순매수 · 거래대금 대비 수급 양호 · 기관 동행 · 이격/RSI 과열,익절/추격주의,증권,True,100.0,6404.0,5831.0,5379.5,11,2026-05-07
레인보우로보틱스,277810,25.0,관찰,주도돌파,62.13,27.14,64.86,84.73,2.1391,5,대형,주도대형,1.31,940.4,연기금 10일 순매수 · 거래대금 대비 수급 양호 · 대형 주도주 조건 · 기관 동행 · 대형 주도주 돌파,보유/관찰,기계,True,100.0,682400.0,655700.0,628550.0,12,2026-05-07
파마리서치,214450,43.0,관찰,관찰,60.53,23.97,47.04,63.86,0.3876,3,중형,관찰,1.56,266.4,연기금 10일 순매수 · 거래대금 대비 수급 양호 · 대형 주도주 조건 · 기관 동행,보유/관찰,건강관리장비와용품,True,100.0,328600.0,323650.0,312700.0,13,2026-05-07
제주반도체,080220,56.0,관찰,과열주의,58.16,19.1,24.85,71.53,0.1204,3,대형,관찰,0.93,2124.8,연기금 10일 순매수 · 대형 주도주 조건 · 기관 동행 · 이격/RSI 과열,익절/추격주의,반도체;팹리스,True,100.0,55260.0,53625.0,48180.0,14,2026-05-07
LG에너지솔루션,373220,27.0,관찰,주도돌파,57.98,20.5,45.88,86.84,0.4362,3,대형,주도대형,0.97,2224.9,연기금 10일 순매수 · 거래대금 대비 수급 양호 · 대형 주도주 조건 · 기관 동행 · 대형 주도주 돌파,보유/관찰,전기제품,True,100.0,474100.0,473850.0,446400.0,15,2026-05-07
에스피지,058610,35.0,관찰,눌림목,55.95,12.09,47.21,83.6,0.8137,2,중형,수급스윙,1.12,399.8,연기금 10일 순매수 · 거래대금 대비 수급 양호 · 대형 주도주 조건 · 기관 동행 · 20일선 부근 눌림,보유/관찰,전기제품,True,100.0,127800.0,125580.0,118760.0,16,2026-05-07
ISC,095340,55.0,관찰,관찰,55.8,6.7,0.0,82.51,-0.2809,2,중형,관찰,0.61,967.4,대형 주도주 조건,수급훼손,반도체소켓;반도체,True,100.0,247400.0,241850.0,239350.0,17,2026-05-07
현대로템,064350,39.0,관찰,주도눌림,53.81,4.87,12.0,90.95,-0.3965,1,대형,주도대형,1.51,2326.9,연기금 10일 순매수 · 대형 주도주 조건 · 대형 주도주 눌림,보유/관찰,우주항공과국방,True,100.0,259700.0,248000.0,229950.0,18,2026-05-07
현대오토에버,307950,26.0,관찰,주도눌림,53.6,13.56,51.14,90.58,0.7297,3,대형,주도대형,1.09,534.9,연기금 10일 순매수 · 거래대금 대비 수급 양호 · 대형 주도주 조건 · 기관 동행 · 대형 주도주 눌림,보유/관찰,IT서비스,True,100.0,453400.0,450000.0,432000.0,19,2026-05-07
에코프로비엠,247540,29.0,관찰,주도돌파,53.37,13.26,51.48,89.26,0.3951,4,대형,주도대형,1.41,1201.5,거래대금 대비 수급 양호 · 대형 주도주 조건 · 기관 동행 · 대형 주도주 돌파,보유/관찰,전기제품,True,100.0,219600.0,215050.0,210465.0,20,2026-05-07
와이씨,232140,42.0,관찰,눌림목,53.13,9.02,28.74,56.88,0.1749,3,중형,수급스윙,0.98,261.6,연기금 10일 순매수 · 기관 동행 · 20일선 부근 눌림,보유/관찰,반도체와반도체장비,True,100.0,22540.0,22425.0,21035.5,21,2026-05-07
로보티즈,108490,35.0,관찰,관찰,52.16,14.79,46.31,89.31,0.6301,2,중형,관찰,0.97,927.7,연기금 10일 순매수 · 거래대금 대비 수급 양호 · 대형 주도주 조건 · 기관 동행,보유/관찰,휴머노이드;로봇,True,100.0,314100.0,308050.0,284750.0,22,2026-05-07
LS머트리얼즈,417200,49.0,관찰,과열주의,51.6,15.64,8.0,74.27,-0.1651,0,대형,관찰,1.86,1299.1,연기금 10일 순매수 · 대형 주도주 조건 · 기관 동행 · 이격/RSI 과열,익절/추격주의,2차전지;소재,True,100.0,29750.0,28070.0,24725.5,23,2026-05-07
한화,000880,40.0,관찰,관찰,51.52,11.21,46.87,86.22,0.3236,4,중형,관찰,1.54,329.5,거래대금 대비 수급 양호 · 대형 주도주 조건 · 기관 동행,수급훼손,복합기업,True,100.0,137180.0,133410.0,130160.0,24,2026-05-07
호텔신라,008770,52.0,관찰,관찰,75.11,32.19,58.52,78.68,0.5834,5,중형,관찰,0.94,395.5,연기금 10일 순매수 · 거래대금 대비 수급 양호 · 대형 주도주 조건 · 기관 동행,보유/관찰,면세;소비,True,100.0,64820.0,64610.0,58085.0,1,2026-05-08
코리아써키트,007810,41.0,관찰,관찰,70.66,34.85,51.14,76.62,0.7036,3,중형,관찰,1.2,347.0,연기금 10일 순매수 · 거래대금 대비 수급 양호 · 대형 주도주 조건 · 기관 동행,보유/관찰,전자장비와기기,True,100.0,96680.0,96210.0,91765.0,2,2026-05-08
파마리서치,214450,45.0,신규후보,돌파,70.15,25.54,43.04,77.13,0.3242,3,중형,수급스윙,1.94,318.5,연기금 10일 순매수 · 거래대금 대비 수급 양호 · 대형 주도주 조건 · 기관 동행 · 거래량 동반 돌파,보유/관찰,건강관리장비와용품,True,100.0,332400.0,327400.0,315025.0,3,2026-05-08
두산로보틱스,454910,46.0,신규후보,눌림목,67.9,17.61,49.0,89.09,2.3673,1,중형,수급스윙,2.88,736.3,연기금 10일 순매수 · 거래대금 대비 수급 양호 · 대형 주도주 조건 · 기관 동행 · 20일선 부근 눌림,보유/관찰,기계,True,100.0,104560.0,101260.0,96600.0,4,2026-05-08
해성디에스,195870,59.0,관찰,과열주의,65.68,33.48,45.71,31.24,0.3639,3,중형,관찰,1.39,260.9,연기금 10일 순매수 · 거래대금 대비 수급 양호 · 기관 동행 · 이격/RSI 과열,익절/추격주의,리드프레임;반도체,True,100.0,82240.0,80090.0,69735.0,5,2026-05-08
이마트,139480,25.0,관찰,돌파,63.68,35.0,64.59,58.95,1.3633,5,중형,수급스윙,1.34,209.2,연기금 10일 순매수 · 거래대금 대비 수급 양호 · 기관 동행 · 거래량 동반 돌파,보유/관찰,백화점과일반상점,True,100.0,107440.0,106700.0,102785.0,6,2026-05-08
코오롱인더,120110,33.0,관찰,눌림목,62.17,22.15,8.0,76.28,-0.3643,1,중형,수급스윙,1.13,363.2,연기금 10일 순매수 · 대형 주도주 조건 · 기관 동행 · 20일선 부근 눌림,보유/관찰,화학소재;산업재,True,100.0,94060.0,93790.0,91045.0,7,2026-05-08
유안타증권,003470,54.0,관찰,과열주의,61.8,28.5,55.97,51.62,0.9211,3,중형,관찰,3.69,342.1,연기금 10일 순매수 · 거래대금 대비 수급 양호 · 기관 동행 · 이격/RSI 과열,익절/추격주의,증권,True,100.0,6748.0,6044.0,5493.75,8,2026-05-08
LS머트리얼즈,417200,62.0,관찰,과열주의,60.61,16.55,4.0,78.64,-0.1634,0,대형,관찰,1.01,1312.9,연기금 10일 순매수 · 대형 주도주 조건 · 기관 동행 · 이격/RSI 과열,익절/추격주의,2차전지;소재,True,100.0,28820.0,28215.0,25038.0,9,2026-05-08
카카오페이,377300,25.0,관찰,눌림목,58.87,25.35,53.12,67.64,0.4225,4,중형,수급스윙,2.23,266.7,연기금 10일 순매수 · 거래대금 대비 수급 양호 · 대형 주도주 조건 · 기관 동행 · 20일선 부근 눌림,보유/관찰,IT서비스,True,100.0,57960.0,56800.0,55760.0,10,2026-05-08
제주반도체,080220,55.0,관찰,과열주의,58.47,18.94,20.89,77.97,0.1213,3,대형,관찰,0.89,2108.3,연기금 10일 순매수 · 대형 주도주 조건 · 기관 동행 · 이격/RSI 과열,익절/추격주의,반도체;팹리스,True,100.0,55480.0,54400.0,48765.0,11,2026-05-08
SK이노베이션,096770,23.0,관찰,주도눌림,57.69,20.22,35.25,91.66,0.1547,4,대형,주도대형,1.37,1118.9,연기금 10일 순매수 · 거래대금 대비 수급 양호 · 대형 주도주 조건 · 기관 동행 · 대형 주도주 눌림,보유/관찰,석유와가스,True,100.0,142220.0,139040.0,132685.0,12,2026-05-08
테스,095610,38.0,관찰,돌파,57.47,14.77,50.72,80.49,0.6611,4,중형,수급스윙,0.68,352.8,거래대금 대비 수급 양호 · 대형 주도주 조건 · 기관 동행 · 거래량 동반 돌파,수급훼손,반도체장비;반도체,True,100.0,88500.0,88350.0,87365.0,13,2026-05-08
ISC,095340,56.0,관찰,관찰,56.07,6.4,0.0,82.2,-0.2924,2,중형,관찰,0.62,929.4,대형 주도주 조건,수급훼손,반도체소켓;반도체,True,100.0,249300.0,243250.0,239175.0,14,2026-05-08
RFHIC,218410,35.0,관찰,눌림목,55.13,11.46,30.83,81.82,0.1986,3,중형,수급스윙,1.01,547.3,연기금 10일 순매수 · 거래대금 대비 수급 양호 · 대형 주도주 조건 · 기관 동행 · 20일선 부근 눌림,보유/관찰,통신장비,True,100.0,97840.0,96200.0,95915.0,15,2026-05-08
LG에너지솔루션,373220,29.0,신규후보,주도눌림,54.7,11.65,46.16,96.72,0.4405,3,대형,주도대형,1.0,2203.2,연기금 10일 순매수 · 거래대금 대비 수급 양호 · 대형 주도주 조건 · 기관 동행 · 대형 주도주 눌림,보유/관찰,전기제품,True,100.0,474800.0,473050.0,449925.0,16,2026-05-08
로보티즈,108490,51.0,관찰,과열주의,54.69,17.27,46.38,77.69,0.5713,2,대형,관찰,1.09,1023.3,연기금 10일 순매수 · 거래대금 대비 수급 양호 · 대형 주도주 조건 · 기관 동행 · 이격/RSI 과열,익절/추격주의,휴머노이드;로봇,True,100.0,315300.0,313900.0,288675.0,17,2026-05-08
쏠리드,050890,54.0,관찰,과열주의,53.88,13.95,16.28,79.42,0.0042,2,대형,관찰,1.46,2302.0,연기금 10일 순매수 · 대형 주도주 조건 · 기관 동행 · 이격/RSI 과열,익절/추격주의,통신장비,True,100.0,18248.0,17292.0,17023.5,18,2026-05-08
롯데쇼핑,023530,30.0,관찰,관찰,53.82,30.77,52.45,57.89,1.2401,5,중형,관찰,1.12,185.2,연기금 10일 순매수 · 거래대금 대비 수급 양호 · 기관 동행,보유/관찰,백화점과일반상점,True,100.0,135960.0,133480.0,123490.0,19,2026-05-08
엘앤에프,066970,30.0,관찰,주도눌림,53.13,10.78,16.0,87.94,-0.1919,3,대형,주도대형,0.91,1542.3,연기금 10일 순매수 · 대형 주도주 조건 · 기관 동행 · 대형 주도주 눌림,보유/관찰,2차전지;양극재,True,100.0,205480.0,203300.0,192925.0,20,2026-05-08
유진테크,084370,31.0,관찰,관찰,53.0,20.26,63.76,80.02,0.8942,5,중형,관찰,1.67,301.6,거래대금 대비 수급 양호 · 대형 주도주 조건 · 기관 동행,보유/관찰,반도체와반도체장비,True,100.0,139240.0,138350.0,133825.0,21,2026-05-08
교보증권,030610,35.0,관찰,관찰,52.31,35.0,11.0,45.36,0.262,2,중형,관찰,2.31,32.2,연기금 10일 순매수 · 기관 동행,보유/관찰,증권,True,100.0,14810.0,14427.0,13818.0,22,2026-05-08
한화투자증권,003530,43.0,관찰,과열주의,51.76,19.71,42.39,75.42,0.314,3,중형,관찰,2.62,519.8,연기금 10일 순매수 · 거래대금 대비 수급 양호 · 대형 주도주 조건 · 기관 동행 · 이격/RSI 과열,익절/추격주의,증권,True,100.0,8422.0,8133.0,7775.0,23,2026-05-08
태웅,044490,34.0,관찰,눌림목,51.32,18.18,24.02,50.94,0.279,2,중형,수급스윙,1.12,185.8,연기금 10일 순매수 · 기관 동행 · 20일선 부근 눌림,보유/관찰,에너지장비및서비스,True,100.0,54720.0,54130.0,51012.5,24,2026-05-08
코리아써키트,007810,51.0,관찰,관찰,77.44,35.0,55.28,81.95,0.7206,3,중형,관찰,1.27,338.8,연기금 10일 순매수 · 거래대금 대비 수급 양호 · 대형 주도주 조건 · 기관 동행,보유/관찰,전자장비와기기,True,100.0,98040.0,97040.0,92665.0,1,2026-05-11
해성디에스,195870,64.0,관찰,과열주의,69.79,35.0,41.36,30.78,0.3541,3,중형,관찰,1.16,268.1,연기금 10일 순매수 · 거래대금 대비 수급 양호 · 기관 동행 · 이격/RSI 과열,익절/추격주의,리드프레임;반도체,True,100.0,83280.0,81020.0,71350.0,2,2026-05-11
한국콜마,161890,60.0,관찰,과열주의,67.6,32.38,60.1,45.51,0.9794,4,중형,관찰,1.44,244.1,연기금 10일 순매수 · 거래대금 대비 수급 양호 · 기관 동행 · 이격/RSI 과열,익절/추격주의,화장품,True,100.0,91200.0,90670.0,87495.0,3,2026-05-11
두산로보틱스,454910,55.0,관찰,관찰,67.15,18.77,49.0,89.35,2.2602,1,중형,관찰,2.53,771.2,연기금 10일 순매수 · 거래대금 대비 수급 양호 · 대형 주도주 조건 · 기관 동행,보유/관찰,기계,True,100.0,103400.0,102490.0,97245.0,4,2026-05-11
파마리서치,214450,33.0,신규후보,눌림목,67.09,26.85,42.66,82.07,0.3152,3,중형,수급스윙,2.01,327.6,연기금 10일 순매수 · 거래대금 대비 수급 양호 · 대형 주도주 조건 · 기관 동행 · 20일선 부근 눌림,보유/관찰,건강관리장비와용품,True,100.0,335300.0,329200.0,316575.0,5,2026-05-11
유안타증권,003470,55.0,관찰,과열주의,64.7,30.27,55.76,56.7,0.8751,3,중형,관찰,3.7,360.1,연기금 10일 순매수 · 거래대금 대비 수급 양호 · 기관 동행 · 이격/RSI 과열,익절/추격주의,증권,True,100.0,7066.0,6218.0,5599.0,6,2026-05-11
제주반도체,080220,57.0,관찰,과열주의,61.11,20.66,20.76,78.05,0.1187,3,대형,관찰,0.85,2154.9,연기금 10일 순매수 · 대형 주도주 조건 · 기관 동행 · 이격/RSI 과열,익절/추격주의,반도체;팹리스,True,100.0,56220.0,55440.0,49510.0,7,2026-05-11
카카오페이,377300,26.0,신규후보,눌림목,60.57,26.63,51.76,67.81,0.3951,4,중형,수급스윙,2.36,285.2,연기금 10일 순매수 · 거래대금 대비 수급 양호 · 대형 주도주 조건 · 기관 동행 · 20일선 부근 눌림,보유/관찰,IT서비스,True,100.0,58700.0,57130.0,56090.0,8,2026-05-11
로보티즈,108490,57.0,관찰,과열주의,59.88,21.02,49.34,68.48,0.4888,2,대형,관찰,1.4,1196.0,연기금 10일 순매수 · 거래대금 대비 수급 양호 · 대형 주도주 조건 · 기관 동행 · 이격/RSI 과열,익절/추격주의,휴머노이드;로봇,True,100.0,327500.0,324950.0,295100.0,9,2026-05-11
심텍,222800,56.0,관찰,과열주의,58.85,24.08,60.03,49.37,0.9224,4,중형,관찰,1.43,761.9,연기금 10일 순매수 · 거래대금 대비 수급 양호 · 기관 동행 · 이격/RSI 과열,익절/추격주의,PCB;반도체,True,100.0,103680.0,95610.0,85465.0,10,2026-05-11
이마트,139480,26.0,관찰,관찰,58.45,35.0,64.59,53.89,1.351,5,중형,관찰,1.36,211.1,연기금 10일 순매수 · 거래대금 대비 수급 양호 · 기관 동행,보유/관찰,백화점과일반상점,True,100.0,108680.0,107650.0,103705.0,11,2026-05-11
LG에너지솔루션,373220,29.0,신규후보,주도눌림,54.78,11.72,47.22,96.87,0.452,3,대형,주도대형,0.99,2147.1,연기금 10일 순매수 · 거래대금 대비 수급 양호 · 대형 주도주 조건 · 기관 동행 · 대형 주도주 눌림,보유/관찰,전기제품,True,100.0,476300.0,473200.0,452275.0,12,2026-05-11
한화투자증권,003530,44.0,관찰,과열주의,54.38,21.19,42.03,80.32,0.3055,3,중형,관찰,2.63,534.2,연기금 10일 순매수 · 거래대금 대비 수급 양호 · 대형 주도주 조건 · 기관 동행 · 이격/RSI 과열,익절/추격주의,증권,True,100.0,8556.0,8182.0,7837.0,13,2026-05-11
테스,095610,54.0,관찰,과열주의,53.99,17.91,54.86,59.03,0.6416,4,중형,관찰,1.04,363.5,거래대금 대비 수급 양호 · 기관 동행 · 이격/RSI 과열,수급훼손,반도체장비;반도체,True,100.0,92740.0,89910.0,88890.0,14,2026-05-11
롯데쇼핑,023530,43.0,관찰,과열주의,53.92,32.46,52.45,46.21,1.1611,5,중형,관찰,1.24,197.8,연기금 10일 순매수 · 거래대금 대비 수급 양호 · 기관 동행 · 이격/RSI 과열,익절/추격주의,백화점과일반상점,True,100.0,137900.0,135800.0,125180.0,15,2026-05-11
LG생활건강,051900,27.0,관찰,눌림목,53.47,23.27,52.86,62.68,1.5711,4,중형,수급스윙,2.09,177.6,연기금 10일 순매수 · 거래대금 대비 수급 양호 · 대형 주도주 조건 · 기관 동행 · 20일선 부근 눌림,보유/관찰,화장품,True,100.0,273200.0,263650.0,256975.0,16,2026-05-11
HPSP,403870,41.0,관찰,주도돌파,53.17,7.38,12.0,75.74,-0.0001,3,대형,주도대형,0.8,1593.2,대형 주도주 조건 · 대형 주도주 돌파,수급훼손,반도체장비;고압어닐링,True,100.0,55000.0,54290.0,49750.0,17,2026-05-11
현대글로비스,086280,22.0,관찰,주도돌파,53.16,18.55,43.2,85.19,0.3867,2,대형,주도대형,2.0,693.2,연기금 10일 순매수 · 거래대금 대비 수급 양호 · 대형 주도주 조건 · 기관 동행 · 대형 주도주 돌파,보유/관찰,항공화물운송과물류,True,100.0,235600.0,233000.0,229100.0,18,2026-05-11
교보증권,030610,36.0,관찰,관찰,52.88,35.0,11.07,45.32,0.2628,2,중형,관찰,2.41,32.1,연기금 10일 순매수 · 기관 동행,보유/관찰,증권,True,100.0,15000.0,14477.0,13912.0,19,2026-05-11
삼성화재,000810,26.0,관찰,주도눌림,51.56,10.85,47.55,92.25,0.3247,4,대형,주도대형,1.52,898.1,거래대금 대비 수급 양호 · 대형 주도주 조건 · 기관 동행 · 대형 주도주 눌림,수급훼손,손해보험,True,100.0,489600.0,477300.0,476375.0,20,2026-05-11
세미파이브,490470,52.0,관찰,과열주의,51.51,12.86,8.0,77.62,-0.0475,2,대형,관찰,0.69,1350.8,연기금 10일 순매수 · 대형 주도주 조건 · 기관 동행 · 이격/RSI 과열,익절/추격주의,반도체;ASIC,True,100.0,43640.0,41665.0,38890.0,21,2026-05-11
에스피지,058610,49.0,관찰,과열주의,51.24,16.33,50.66,68.35,0.5911,2,중형,관찰,1.75,550.4,연기금 10일 순매수 · 거래대금 대비 수급 양호 · 대형 주도주 조건 · 기관 동행 · 이격/RSI 과열,익절/추격주의,전기제품,True,100.0,131760.0,130340.0,121545.0,22,2026-05-11
삼성E&A,028050,36.0,관찰,주도돌파,50.89,6.44,16.0,84.61,-0.3449,2,대형,주도대형,1.56,2145.4,연기금 10일 순매수 · 대형 주도주 조건 · 대형 주도주 돌파,보유/관찰,건설,True,100.0,58680.0,56390.0,53535.0,23,2026-05-11
LG전자,066570,34.0,관찰,과열주의,49.91,22.87,55.42,79.66,0.4546,4,대형,관찰,1.63,2103.1,연기금 10일 순매수 · 거래대금 대비 수급 양호 · 대형 주도주 조건 · 기관 동행 · 이격/RSI 과열,익절/추격주의,전자제품,True,100.0,151520.0,143180.0,133585.0,24,2026-05-11
